question_id,db_id,difficulty,question_type,signals
0,california_schools,simple,retrieval,no_aggregate_keywords
1,california_schools,moderate,retrieval,no_aggregate_keywords
2,california_schools,simple,retrieval,no_aggregate_keywords
3,california_schools,simple,retrieval,no_aggregate_keywords
4,california_schools,moderate,retrieval,no_aggregate_keywords
5,california_schools,simple,aggregate,aggregate_function:COUNT
6,california_schools,simple,retrieval,no_aggregate_keywords
7,california_schools,simple,retrieval,no_aggregate_keywords
8,california_schools,simple,retrieval,no_aggregate_keywords
9,california_schools,simple,aggregate,aggregate_function:COUNT
10,california_schools,simple,retrieval,no_aggregate_keywords
11,california_schools,simple,retrieval,no_aggregate_keywords
12,california_schools,moderate,aggregate,aggregate_function:MAX
13,california_schools,simple,retrieval,no_aggregate_keywords
14,california_schools,simple,retrieval,no_aggregate_keywords
15,california_schools,simple,retrieval,no_aggregate_keywords
16,california_schools,simple,aggregate,aggregate_function:COUNT
17,california_schools,simple,retrieval,no_aggregate_keywords
18,california_schools,simple,aggregate,aggregate_function:COUNT
19,california_schools,simple,retrieval,no_aggregate_keywords
20,california_schools,simple,aggregate,aggregate_function:COUNT
21,california_schools,simple,aggregate,aggregate_function:COUNT
22,california_schools,simple,retrieval,no_aggregate_keywords
23,california_schools,moderate,retrieval,no_aggregate_keywords
24,california_schools,moderate,retrieval,no_aggregate_keywords
25,california_schools,moderate,aggregate,aggregate_function:SUM|group_by|having
26,california_schools,moderate,retrieval,no_aggregate_keywords
27,california_schools,moderate,retrieval,no_aggregate_keywords
28,california_schools,challenging,aggregate,aggregate_function:AVG
29,california_schools,simple,retrieval,no_aggregate_keywords
30,california_schools,simple,aggregate,aggregate_function:SUM|group_by
31,california_schools,moderate,retrieval,no_aggregate_keywords
32,california_schools,moderate,retrieval,no_aggregate_keywords
33,california_schools,moderate,retrieval,no_aggregate_keywords
34,california_schools,moderate,retrieval,no_aggregate_keywords
35,california_schools,moderate,retrieval,no_aggregate_keywords
36,california_schools,challenging,retrieval,no_aggregate_keywords
37,california_schools,moderate,retrieval,no_aggregate_keywords
38,california_schools,simple,retrieval,no_aggregate_keywords
39,california_schools,simple,aggregate,aggregate_function:AVG
40,california_schools,moderate,retrieval,no_aggregate_keywords
41,california_schools,simple,retrieval,no_aggregate_keywords
42,california_schools,simple,retrieval,no_aggregate_keywords
43,california_schools,moderate,retrieval,no_aggregate_keywords
44,california_schools,simple,retrieval,no_aggregate_keywords
45,california_schools,moderate,retrieval,no_aggregate_keywords
46,california_schools,simple,retrieval,no_aggregate_keywords
47,california_schools,moderate,aggregate,aggregate_function:COUNT
48,california_schools,moderate,aggregate,aggregate_function:SUM
49,california_schools,moderate,aggregate,aggregate_function:COUNT|group_by
50,california_schools,simple,retrieval,no_aggregate_keywords
51,california_schools,simple,retrieval,no_aggregate_keywords
52,california_schools,simple,aggregate,aggregate_function:COUNT
53,california_schools,simple,retrieval,no_aggregate_keywords
54,california_schools,simple,retrieval,no_aggregate_keywords
55,california_schools,moderate,aggregate,aggregate_function:SUM
56,california_schools,simple,aggregate,aggregate_function:COUNT
57,california_schools,simple,retrieval,no_aggregate_keywords
58,california_schools,simple,retrieval,no_aggregate_keywords
59,california_schools,simple,retrieval,no_aggregate_keywords
60,california_schools,simple,retrieval,no_aggregate_keywords
61,california_schools,simple,aggregate,aggregate_function:COUNT
62,california_schools,challenging,aggregate,aggregate_function:COUNT
63,california_schools,simple,retrieval,no_aggregate_keywords
64,california_schools,simple,aggregate,aggregate_function:COUNT
65,california_schools,moderate,aggregate,aggregate_function:SUM
66,california_schools,simple,aggregate,aggregate_function:COUNT
67,california_schools,simple,aggregate,aggregate_function:COUNT
68,california_schools,moderate,aggregate,aggregate_function:COUNT|group_by
69,california_schools,simple,retrieval,no_aggregate_keywords
70,california_schools,simple,aggregate,aggregate_function:COUNT
71,california_schools,simple,retrieval,no_aggregate_keywords
72,california_schools,moderate,retrieval,no_aggregate_keywords
73,california_schools,simple,retrieval,no_aggregate_keywords
74,california_schools,moderate,aggregate,aggregate_function:MIN
75,california_schools,simple,retrieval,no_aggregate_keywords
76,california_schools,moderate,retrieval,no_aggregate_keywords
77,california_schools,moderate,retrieval,no_aggregate_keywords
78,california_schools,simple,aggregate,aggregate_function:COUNT|group_by
79,california_schools,moderate,aggregate,aggregate_function:COUNT|group_by
80,california_schools,simple,retrieval,no_aggregate_keywords
81,california_schools,moderate,retrieval,no_aggregate_keywords
82,california_schools,simple,retrieval,no_aggregate_keywords
83,california_schools,challenging,aggregate,aggregate_function:COUNT|group_by
84,california_schools,simple,aggregate,aggregate_function:COUNT|group_by
85,california_schools,moderate,retrieval,no_aggregate_keywords
86,california_schools,simple,retrieval,no_aggregate_keywords
87,california_schools,challenging,retrieval,no_aggregate_keywords
88,california_schools,simple,retrieval,no_aggregate_keywords
89,financial,moderate,aggregate,aggregate_function:COUNT
90,financial,simple,aggregate,aggregate_function:COUNT
91,financial,simple,aggregate,aggregate_function:AVG
92,financial,simple,aggregate,aggregate_function:COUNT
93,financial,moderate,aggregate,aggregate_function:COUNT
94,financial,challenging,aggregate,aggregate_function:MAX
95,financial,moderate,aggregate,group_by
96,financial,simple,aggregate,aggregate_function:COUNT
97,financial,simple,retrieval,no_aggregate_keywords
98,financial,moderate,retrieval,no_aggregate_keywords
99,financial,moderate,retrieval,no_aggregate_keywords
100,financial,moderate,aggregate,aggregate_function:COUNT
101,financial,simple,retrieval,no_aggregate_keywords
102,financial,simple,retrieval,no_aggregate_keywords
103,financial,simple,retrieval,no_aggregate_keywords
104,financial,simple,retrieval,no_aggregate_keywords
105,financial,simple,retrieval,no_aggregate_keywords
106,financial,simple,retrieval,no_aggregate_keywords
107,financial,simple,retrieval,no_aggregate_keywords
108,financial,simple,retrieval,no_aggregate_keywords
109,financial,simple,aggregate,aggregate_function:COUNT
110,financial,simple,retrieval,no_aggregate_keywords
111,financial,simple,aggregate,aggregate_function:COUNT
112,financial,simple,retrieval,no_aggregate_keywords
113,financial,simple,retrieval,no_aggregate_keywords
114,financial,simple,retrieval,no_aggregate_keywords
115,financial,challenging,aggregate,aggregate_function:SUM|group_by
116,financial,challenging,aggregate,aggregate_function:SUM
117,financial,moderate,aggregate,aggregate_function:SUM
118,financial,moderate,aggregate,aggregate_function:SUM
119,financial,moderate,retrieval,no_aggregate_keywords
120,financial,moderate,retrieval,no_aggregate_keywords
121,financial,simple,retrieval,no_aggregate_keywords
122,financial,simple,retrieval,no_aggregate_keywords
123,financial,simple,retrieval,no_aggregate_keywords
124,financial,simple,retrieval,no_aggregate_keywords
125,financial,challenging,retrieval,no_aggregate_keywords
126,financial,simple,aggregate,aggregate_function:SUM
127,financial,simple,retrieval,no_aggregate_keywords
128,financial,moderate,aggregate,aggregate_function:COUNT|group_by
129,financial,moderate,retrieval,no_aggregate_keywords
130,financial,moderate,aggregate,aggregate_function:COUNT
131,financial,moderate,aggregate,aggregate_function:SUM|group_by
132,financial,simple,aggregate,aggregate_function:AVG
133,financial,simple,retrieval,no_aggregate_keywords
134,financial,simple,aggregate,aggregate_function:COUNT|group_by
135,financial,moderate,aggregate,aggregate_function:COUNT
136,financial,moderate,aggregate,aggregate_function:COUNT
137,financial,moderate,aggregate,aggregate_function:COUNT
138,financial,moderate,aggregate,aggregate_function:COUNT
139,financial,simple,aggregate,aggregate_function:COUNT
140,financial,simple,aggregate,aggregate_function:COUNT
141,financial,simple,aggregate,aggregate_function:SUM|group_by|having
142,financial,simple,retrieval,no_aggregate_keywords
143,financial,simple,retrieval,no_aggregate_keywords
144,financial,moderate,aggregate,aggregate_function:AVG
145,financial,moderate,aggregate,aggregate_function:AVG
146,financial,simple,retrieval,no_aggregate_keywords
147,financial,simple,aggregate,aggregate_function:COUNT
148,financial,moderate,retrieval,no_aggregate_keywords
149,financial,challenging,retrieval,no_aggregate_keywords
150,financial,moderate,aggregate,aggregate_function:COUNT
151,financial,moderate,retrieval,no_aggregate_keywords
152,financial,moderate,aggregate,aggregate_function:AVG
153,financial,simple,aggregate,aggregate_function:COUNT
154,financial,simple,aggregate,aggregate_function:COUNT
155,financial,simple,aggregate,aggregate_function:SUM
156,financial,simple,retrieval,no_aggregate_keywords
157,financial,simple,retrieval,no_aggregate_keywords
158,financial,simple,retrieval,no_aggregate_keywords
159,financial,simple,retrieval,no_aggregate_keywords
160,financial,simple,aggregate,aggregate_function:COUNT
161,financial,simple,retrieval,no_aggregate_keywords
162,financial,simple,retrieval,no_aggregate_keywords
163,financial,moderate,aggregate,aggregate_function:COUNT|group_by
164,financial,simple,retrieval,no_aggregate_keywords
165,financial,simple,retrieval,no_aggregate_keywords
166,financial,simple,aggregate,aggregate_function:COUNT
167,financial,simple,retrieval,no_aggregate_keywords
168,financial,moderate,aggregate,aggregate_function:SUM
169,financial,challenging,aggregate,aggregate_function:SUM
170,financial,simple,aggregate,aggregate_function:COUNT
171,financial,moderate,aggregate,aggregate_function:SUM
172,financial,simple,aggregate,aggregate_function:SUM
173,financial,challenging,aggregate,aggregate_function:SUM|group_by
174,financial,simple,retrieval,no_aggregate_keywords
175,financial,moderate,aggregate,aggregate_function:COUNT
176,financial,simple,retrieval,no_aggregate_keywords
177,financial,simple,retrieval,no_aggregate_keywords
178,financial,simple,retrieval,no_aggregate_keywords
179,financial,simple,aggregate,aggregate_function:SUM
180,financial,moderate,retrieval,no_aggregate_keywords
181,financial,simple,retrieval,no_aggregate_keywords
182,financial,moderate,aggregate,aggregate_function:COUNT
183,financial,simple,aggregate,aggregate_function:COUNT
184,financial,simple,aggregate,aggregate_function:COUNT
185,financial,moderate,aggregate,aggregate_function:SUM
186,financial,moderate,aggregate,aggregate_function:SUM
187,financial,simple,aggregate,aggregate_function:COUNT
188,financial,moderate,retrieval,no_aggregate_keywords
189,financial,moderate,retrieval,no_aggregate_keywords
190,financial,simple,aggregate,aggregate_function:COUNT
191,financial,simple,aggregate,aggregate_function:COUNT
192,financial,moderate,aggregate,aggregate_function:AVG
193,financial,moderate,retrieval,no_aggregate_keywords
194,financial,moderate,retrieval,no_aggregate_keywords
195,toxicology,simple,aggregate,aggregate_function:COUNT|group_by
196,toxicology,simple,aggregate,aggregate_function:COUNT
197,toxicology,moderate,aggregate,aggregate_function:AVG|group_by
198,toxicology,challenging,aggregate,aggregate_function:AVG|group_by
199,toxicology,simple,aggregate,aggregate_function:COUNT
200,toxicology,simple,retrieval,no_aggregate_keywords
201,toxicology,moderate,aggregate,aggregate_function:COUNT
202,toxicology,simple,aggregate,aggregate_function:COUNT
203,toxicology,simple,aggregate,aggregate_function:COUNT
204,toxicology,simple,aggregate,aggregate_function:COUNT
205,toxicology,simple,retrieval,no_aggregate_keywords
206,toxicology,challenging,retrieval,no_aggregate_keywords
207,toxicology,challenging,retrieval,no_aggregate_keywords
208,toxicology,moderate,aggregate,aggregate_function:COUNT|group_by
209,toxicology,simple,retrieval,no_aggregate_keywords
210,toxicology,simple,retrieval,no_aggregate_keywords
211,toxicology,simple,retrieval,no_aggregate_keywords
212,toxicology,challenging,aggregate,aggregate_function:COUNT|group_by
213,toxicology,moderate,retrieval,no_aggregate_keywords
214,toxicology,simple,retrieval,no_aggregate_keywords
215,toxicology,challenging,aggregate,aggregate_function:COUNT
216,toxicology,simple,retrieval,no_aggregate_keywords
217,toxicology,simple,retrieval,no_aggregate_keywords
218,toxicology,challenging,aggregate,aggregate_function:COUNT
219,toxicology,challenging,aggregate,aggregate_function:COUNT
220,toxicology,challenging,retrieval,no_aggregate_keywords
221,toxicology,simple,retrieval,no_aggregate_keywords
222,toxicology,moderate,aggregate,aggregate_function:COUNT
223,toxicology,simple,retrieval,no_aggregate_keywords
224,toxicology,simple,retrieval,no_aggregate_keywords
225,toxicology,simple,retrieval,no_aggregate_keywords
226,toxicology,moderate,aggregate,aggregate_function:COUNT
227,toxicology,simple,aggregate,aggregate_function:COUNT
228,toxicology,moderate,aggregate,aggregate_function:COUNT
229,toxicology,simple,retrieval,no_aggregate_keywords
230,toxicology,challenging,retrieval,no_aggregate_keywords
231,toxicology,challenging,aggregate,aggregate_function:COUNT|group_by
232,toxicology,moderate,retrieval,no_aggregate_keywords
233,toxicology,simple,retrieval,no_aggregate_keywords
234,toxicology,moderate,aggregate,aggregate_function:COUNT
235,toxicology,simple,aggregate,aggregate_function:COUNT
236,toxicology,moderate,retrieval,no_aggregate_keywords
237,toxicology,moderate,retrieval,no_aggregate_keywords
238,toxicology,simple,aggregate,aggregate_function:COUNT
239,toxicology,simple,aggregate,aggregate_function:COUNT
240,toxicology,challenging,retrieval,no_aggregate_keywords
241,toxicology,simple,aggregate,aggregate_function:COUNT
242,toxicology,moderate,retrieval,no_aggregate_keywords
243,toxicology,moderate,retrieval,no_aggregate_keywords
244,toxicology,moderate,aggregate,aggregate_function:COUNT|group_by
245,toxicology,moderate,aggregate,aggregate_function:COUNT
246,toxicology,moderate,retrieval,no_aggregate_keywords
247,toxicology,challenging,retrieval,no_aggregate_keywords
248,toxicology,simple,retrieval,no_aggregate_keywords
249,toxicology,challenging,retrieval,no_aggregate_keywords
250,toxicology,moderate,aggregate,aggregate_function:COUNT|group_by
251,toxicology,moderate,aggregate,aggregate_function:COUNT|group_by
252,toxicology,simple,retrieval,no_aggregate_keywords
253,toxicology,challenging,retrieval,no_aggregate_keywords
254,toxicology,moderate,aggregate,aggregate_function:COUNT|group_by
255,toxicology,moderate,aggregate,aggregate_function:COUNT
256,toxicology,simple,aggregate,aggregate_function:COUNT
257,toxicology,simple,retrieval,no_aggregate_keywords
258,toxicology,moderate,retrieval,no_aggregate_keywords
259,toxicology,simple,aggregate,aggregate_function:COUNT
260,toxicology,moderate,aggregate,aggregate_function:COUNT
261,toxicology,simple,retrieval,no_aggregate_keywords
262,toxicology,simple,retrieval,no_aggregate_keywords
263,toxicology,challenging,aggregate,aggregate_function:COUNT
264,toxicology,simple,retrieval,no_aggregate_keywords
265,toxicology,simple,retrieval,no_aggregate_keywords
266,toxicology,simple,aggregate,aggregate_function:COUNT
267,toxicology,moderate,retrieval,no_aggregate_keywords
268,toxicology,challenging,retrieval,no_aggregate_keywords
269,toxicology,simple,aggregate,aggregate_function:COUNT
270,toxicology,moderate,aggregate,aggregate_function:COUNT|group_by
271,toxicology,simple,retrieval,no_aggregate_keywords
272,toxicology,moderate,retrieval,no_aggregate_keywords
273,toxicology,moderate,aggregate,aggregate_function:COUNT
274,toxicology,simple,retrieval,no_aggregate_keywords
275,toxicology,simple,retrieval,no_aggregate_keywords
276,toxicology,simple,retrieval,no_aggregate_keywords
277,toxicology,challenging,retrieval,no_aggregate_keywords
278,toxicology,simple,aggregate,aggregate_function:COUNT
279,toxicology,simple,retrieval,no_aggregate_keywords
280,toxicology,moderate,retrieval,no_aggregate_keywords
281,toxicology,challenging,retrieval,no_aggregate_keywords
282,toxicology,challenging,aggregate,aggregate_function:COUNT|group_by
283,toxicology,moderate,retrieval,no_aggregate_keywords
284,toxicology,moderate,retrieval,no_aggregate_keywords
285,toxicology,challenging,retrieval,no_aggregate_keywords
286,toxicology,simple,aggregate,aggregate_function:COUNT
287,toxicology,moderate,aggregate,aggregate_function:COUNT
288,toxicology,simple,retrieval,no_aggregate_keywords
289,toxicology,simple,retrieval,no_aggregate_keywords
290,toxicology,challenging,retrieval,no_aggregate_keywords
291,toxicology,simple,aggregate,aggregate_function:COUNT
292,toxicology,simple,retrieval,no_aggregate_keywords
293,toxicology,simple,aggregate,aggregate_function:COUNT
294,toxicology,simple,retrieval,no_aggregate_keywords
295,toxicology,simple,aggregate,aggregate_function:COUNT
296,toxicology,simple,retrieval,no_aggregate_keywords
297,toxicology,simple,retrieval,no_aggregate_keywords
298,toxicology,moderate,aggregate,aggregate_function:COUNT
299,toxicology,simple,retrieval,no_aggregate_keywords
300,toxicology,simple,retrieval,no_aggregate_keywords
301,toxicology,simple,retrieval,no_aggregate_keywords
302,toxicology,challenging,retrieval,no_aggregate_keywords
303,toxicology,moderate,aggregate,aggregate_function:COUNT|group_by
304,toxicology,challenging,retrieval,no_aggregate_keywords
305,toxicology,simple,retrieval,no_aggregate_keywords
306,toxicology,challenging,retrieval,no_aggregate_keywords
307,toxicology,challenging,retrieval,no_aggregate_keywords
308,toxicology,simple,aggregate,aggregate_function:COUNT
309,toxicology,simple,aggregate,aggregate_function:COUNT|group_by
310,toxicology,moderate,aggregate,aggregate_function:COUNT
311,toxicology,simple,aggregate,aggregate_function:COUNT
312,toxicology,simple,retrieval,no_aggregate_keywords
313,toxicology,simple,aggregate,aggregate_function:COUNT
314,toxicology,simple,aggregate,aggregate_function:COUNT
315,toxicology,simple,retrieval,no_aggregate_keywords
316,toxicology,simple,retrieval,no_aggregate_keywords
317,toxicology,moderate,aggregate,aggregate_function:COUNT
318,toxicology,simple,retrieval,no_aggregate_keywords
319,toxicology,challenging,aggregate,aggregate_function:COUNT
320,toxicology,moderate,retrieval,no_aggregate_keywords
321,toxicology,simple,retrieval,no_aggregate_keywords
322,toxicology,challenging,retrieval,no_aggregate_keywords
323,toxicology,simple,retrieval,no_aggregate_keywords
324,toxicology,simple,aggregate,aggregate_function:COUNT
325,toxicology,simple,aggregate,aggregate_function:COUNT
326,toxicology,simple,retrieval,no_aggregate_keywords
327,toxicology,moderate,aggregate,aggregate_function:COUNT|group_by|having
328,toxicology,challenging,retrieval,no_aggregate_keywords
329,toxicology,moderate,aggregate,aggregate_function:COUNT|group_by
330,toxicology,challenging,aggregate,aggregate_function:SUM
331,toxicology,simple,aggregate,aggregate_function:COUNT
332,toxicology,simple,aggregate,aggregate_function:COUNT
333,toxicology,simple,aggregate,aggregate_function:COUNT
334,toxicology,challenging,retrieval,no_aggregate_keywords
335,toxicology,simple,aggregate,aggregate_function:COUNT
336,toxicology,simple,aggregate,aggregate_function:COUNT
337,toxicology,challenging,retrieval,no_aggregate_keywords
338,toxicology,moderate,retrieval,no_aggregate_keywords
339,toxicology,simple,retrieval,no_aggregate_keywords
340,card_games,simple,retrieval,no_aggregate_keywords
341,card_games,simple,retrieval,no_aggregate_keywords
342,card_games,simple,retrieval,no_aggregate_keywords
343,card_games,simple,retrieval,no_aggregate_keywords
344,card_games,moderate,retrieval,no_aggregate_keywords
345,card_games,moderate,retrieval,no_aggregate_keywords
346,card_games,moderate,retrieval,no_aggregate_keywords
347,card_games,moderate,retrieval,no_aggregate_keywords
348,card_games,simple,retrieval,no_aggregate_keywords
349,card_games,moderate,aggregate,aggregate_function:COUNT|group_by|having
350,card_games,simple,retrieval,no_aggregate_keywords
351,card_games,simple,retrieval,no_aggregate_keywords
352,card_games,moderate,aggregate,aggregate_function:SUM
353,card_games,simple,retrieval,no_aggregate_keywords
354,card_games,simple,aggregate,aggregate_function:COUNT
355,card_games,simple,retrieval,no_aggregate_keywords
356,card_games,simple,aggregate,aggregate_function:COUNT
357,card_games,simple,retrieval,no_aggregate_keywords
358,card_games,simple,retrieval,no_aggregate_keywords
359,card_games,simple,retrieval,no_aggregate_keywords
360,card_games,moderate,retrieval,no_aggregate_keywords
361,card_games,simple,aggregate,aggregate_function:COUNT
362,card_games,simple,retrieval,no_aggregate_keywords
363,card_games,simple,aggregate,aggregate_function:COUNT
364,card_games,simple,retrieval,no_aggregate_keywords
365,card_games,simple,retrieval,no_aggregate_keywords
366,card_games,simple,retrieval,no_aggregate_keywords
367,card_games,simple,retrieval,no_aggregate_keywords
368,card_games,simple,aggregate,aggregate_function:SUM
369,card_games,simple,aggregate,aggregate_function:COUNT
370,card_games,simple,aggregate,aggregate_function:COUNT
371,card_games,challenging,aggregate,aggregate_function:SUM
372,card_games,simple,aggregate,aggregate_function:COUNT
373,card_games,simple,retrieval,no_aggregate_keywords
374,card_games,simple,aggregate,aggregate_function:COUNT
375,card_games,simple,retrieval,no_aggregate_keywords
376,card_games,simple,retrieval,no_aggregate_keywords
377,card_games,simple,aggregate,aggregate_function:COUNT
378,card_games,simple,retrieval,no_aggregate_keywords
379,card_games,simple,retrieval,no_aggregate_keywords
380,card_games,simple,retrieval,no_aggregate_keywords
381,card_games,simple,retrieval,no_aggregate_keywords
382,card_games,simple,retrieval,no_aggregate_keywords
383,card_games,simple,aggregate,aggregate_function:COUNT
384,card_games,simple,retrieval,no_aggregate_keywords
385,card_games,simple,retrieval,no_aggregate_keywords
386,card_games,simple,aggregate,aggregate_function:COUNT
387,card_games,simple,retrieval,no_aggregate_keywords
388,card_games,simple,retrieval,no_aggregate_keywords
389,card_games,simple,retrieval,no_aggregate_keywords
390,card_games,simple,retrieval,no_aggregate_keywords
391,card_games,moderate,retrieval,no_aggregate_keywords
392,card_games,simple,retrieval,no_aggregate_keywords
393,card_games,simple,aggregate,aggregate_function:COUNT
394,card_games,simple,aggregate,aggregate_function:COUNT
395,card_games,simple,aggregate,aggregate_function:COUNT
396,card_games,simple,aggregate,aggregate_function:COUNT
397,card_games,moderate,retrieval,no_aggregate_keywords
398,card_games,simple,retrieval,no_aggregate_keywords
399,card_games,simple,retrieval,no_aggregate_keywords
400,card_games,simple,retrieval,no_aggregate_keywords
401,card_games,moderate,aggregate,aggregate_function:SUM
402,card_games,moderate,aggregate,aggregate_function:SUM
403,card_games,simple,aggregate,aggregate_function:SUM
404,card_games,simple,retrieval,no_aggregate_keywords
405,card_games,moderate,aggregate,aggregate_function:COUNT
406,card_games,simple,retrieval,no_aggregate_keywords
407,card_games,moderate,retrieval,no_aggregate_keywords
408,card_games,moderate,retrieval,no_aggregate_keywords
409,card_games,moderate,aggregate,aggregate_function:COUNT
410,card_games,simple,retrieval,no_aggregate_keywords
411,card_games,simple,retrieval,no_aggregate_keywords
412,card_games,moderate,retrieval,no_aggregate_keywords
413,card_games,simple,aggregate,aggregate_function:COUNT
414,card_games,simple,retrieval,no_aggregate_keywords
415,card_games,challenging,aggregate,aggregate_function:SUM
416,card_games,challenging,aggregate,aggregate_function:SUM
417,card_games,moderate,aggregate,aggregate_function:SUM
418,card_games,simple,retrieval,no_aggregate_keywords
419,card_games,simple,aggregate,aggregate_function:COUNT
420,card_games,simple,aggregate,aggregate_function:COUNT
421,card_games,simple,retrieval,no_aggregate_keywords
422,card_games,simple,retrieval,no_aggregate_keywords
423,card_games,simple,retrieval,no_aggregate_keywords
424,card_games,simple,aggregate,aggregate_function:SUM
425,card_games,simple,retrieval,no_aggregate_keywords
426,card_games,simple,retrieval,no_aggregate_keywords
427,card_games,moderate,retrieval,no_aggregate_keywords
428,card_games,simple,aggregate,group_by
429,card_games,simple,retrieval,no_aggregate_keywords
430,card_games,simple,retrieval,no_aggregate_keywords
431,card_games,challenging,retrieval,no_aggregate_keywords
432,card_games,moderate,aggregate,group_by
433,card_games,moderate,aggregate,aggregate_function:SUM
434,card_games,moderate,aggregate,aggregate_function:COUNT
435,card_games,simple,aggregate,group_by
436,card_games,simple,aggregate,group_by
437,card_games,simple,retrieval,no_aggregate_keywords
438,card_games,simple,retrieval,no_aggregate_keywords
439,card_games,simple,retrieval,no_aggregate_keywords
440,card_games,simple,retrieval,no_aggregate_keywords
441,card_games,simple,retrieval,no_aggregate_keywords
442,card_games,simple,retrieval,no_aggregate_keywords
443,card_games,simple,aggregate,group_by
444,card_games,simple,retrieval,no_aggregate_keywords
445,card_games,simple,retrieval,no_aggregate_keywords
446,card_games,moderate,aggregate,aggregate_function:SUM
447,card_games,simple,retrieval,no_aggregate_keywords
448,card_games,simple,retrieval,no_aggregate_keywords
449,card_games,simple,retrieval,no_aggregate_keywords
450,card_games,moderate,aggregate,aggregate_function:SUM
451,card_games,simple,aggregate,aggregate_function:SUM
452,card_games,simple,retrieval,no_aggregate_keywords
453,card_games,simple,retrieval,no_aggregate_keywords
454,card_games,simple,aggregate,aggregate_function:SUM
455,card_games,simple,retrieval,no_aggregate_keywords
456,card_games,simple,retrieval,no_aggregate_keywords
457,card_games,simple,retrieval,no_aggregate_keywords
458,card_games,simple,aggregate,aggregate_function:COUNT
459,card_games,moderate,retrieval,no_aggregate_keywords
460,card_games,simple,retrieval,no_aggregate_keywords
461,card_games,simple,retrieval,no_aggregate_keywords
462,card_games,moderate,retrieval,no_aggregate_keywords
463,card_games,simple,aggregate,aggregate_function:COUNT
464,card_games,simple,retrieval,no_aggregate_keywords
465,card_games,moderate,aggregate,aggregate_function:SUM
466,card_games,moderate,aggregate,aggregate_function:COUNT
467,card_games,simple,retrieval,no_aggregate_keywords
468,card_games,moderate,retrieval,no_aggregate_keywords
469,card_games,moderate,retrieval,no_aggregate_keywords
470,card_games,simple,retrieval,no_aggregate_keywords
471,card_games,simple,retrieval,no_aggregate_keywords
472,card_games,moderate,aggregate,aggregate_function:COUNT
473,card_games,moderate,retrieval,no_aggregate_keywords
474,card_games,moderate,aggregate,aggregate_function:COUNT
475,card_games,simple,aggregate,aggregate_function:SUM
476,card_games,simple,retrieval,no_aggregate_keywords
477,card_games,challenging,aggregate,group_by
478,card_games,simple,retrieval,no_aggregate_keywords
479,card_games,moderate,aggregate,aggregate_function:SUM
480,card_games,moderate,retrieval,no_aggregate_keywords
481,card_games,simple,retrieval,no_aggregate_keywords
482,card_games,simple,retrieval,no_aggregate_keywords
483,card_games,moderate,retrieval,no_aggregate_keywords
484,card_games,moderate,retrieval,no_aggregate_keywords
485,card_games,simple,retrieval,no_aggregate_keywords
486,card_games,moderate,aggregate,aggregate_function:SUM
487,card_games,challenging,aggregate,aggregate_function:SUM
488,card_games,simple,aggregate,group_by
489,card_games,simple,retrieval,no_aggregate_keywords
490,card_games,simple,retrieval,no_aggregate_keywords
491,card_games,simple,retrieval,no_aggregate_keywords
492,card_games,simple,retrieval,no_aggregate_keywords
493,card_games,simple,retrieval,no_aggregate_keywords
494,card_games,challenging,retrieval,no_aggregate_keywords
495,card_games,simple,retrieval,no_aggregate_keywords
496,card_games,simple,retrieval,no_aggregate_keywords
497,card_games,simple,retrieval,no_aggregate_keywords
498,card_games,moderate,retrieval,no_aggregate_keywords
499,card_games,moderate,aggregate,aggregate_function:COUNT
500,card_games,moderate,retrieval,no_aggregate_keywords
501,card_games,moderate,retrieval,no_aggregate_keywords
502,card_games,simple,retrieval,no_aggregate_keywords
503,card_games,simple,retrieval,no_aggregate_keywords
504,card_games,simple,aggregate,aggregate_function:COUNT
505,card_games,moderate,retrieval,no_aggregate_keywords
506,card_games,challenging,aggregate,aggregate_function:SUM
507,card_games,challenging,aggregate,aggregate_function:SUM
508,card_games,moderate,retrieval,no_aggregate_keywords
509,card_games,simple,retrieval,no_aggregate_keywords
510,card_games,simple,retrieval,no_aggregate_keywords
511,card_games,moderate,aggregate,aggregate_function:COUNT|group_by
512,card_games,simple,aggregate,aggregate_function:SUM
513,card_games,challenging,retrieval,no_aggregate_keywords
514,card_games,simple,retrieval,no_aggregate_keywords
515,card_games,moderate,retrieval,no_aggregate_keywords
516,card_games,moderate,aggregate,aggregate_function:COUNT|group_by
517,card_games,moderate,aggregate,aggregate_function:COUNT
518,card_games,moderate,aggregate,aggregate_function:COUNT|group_by
519,card_games,simple,retrieval,no_aggregate_keywords
520,card_games,moderate,aggregate,aggregate_function:COUNT|group_by
521,card_games,challenging,retrieval,no_aggregate_keywords
522,card_games,moderate,aggregate,group_by
523,card_games,challenging,aggregate,aggregate_function:SUM|group_by
524,card_games,simple,retrieval,no_aggregate_keywords
525,card_games,simple,retrieval,no_aggregate_keywords
526,card_games,simple,aggregate,aggregate_function:COUNT
527,card_games,moderate,retrieval,no_aggregate_keywords
528,card_games,challenging,retrieval,no_aggregate_keywords
529,card_games,moderate,retrieval,no_aggregate_keywords
530,card_games,moderate,retrieval,no_aggregate_keywords
531,codebase_community,simple,aggregate,aggregate_function:MAX
532,codebase_community,simple,retrieval,no_aggregate_keywords
533,codebase_community,simple,aggregate,aggregate_function:COUNT
534,codebase_community,simple,aggregate,aggregate_function:MAX
535,codebase_community,simple,aggregate,aggregate_function:COUNT
536,codebase_community,simple,aggregate,aggregate_function:COUNT
537,codebase_community,simple,aggregate,aggregate_function:COUNT
538,codebase_community,simple,retrieval,no_aggregate_keywords
539,codebase_community,simple,retrieval,no_aggregate_keywords
540,codebase_community,simple,retrieval,no_aggregate_keywords
541,codebase_community,simple,retrieval,no_aggregate_keywords
542,codebase_community,simple,aggregate,aggregate_function:SUM
543,codebase_community,simple,aggregate,aggregate_function:MAX
544,codebase_community,moderate,retrieval,no_aggregate_keywords
545,codebase_community,simple,aggregate,aggregate_function:COUNT
546,codebase_community,simple,retrieval,no_aggregate_keywords
547,codebase_community,simple,aggregate,aggregate_function:COUNT
548,codebase_community,simple,retrieval,no_aggregate_keywords
549,codebase_community,simple,retrieval,no_aggregate_keywords
550,codebase_community,simple,retrieval,no_aggregate_keywords
551,codebase_community,simple,aggregate,aggregate_function:COUNT
552,codebase_community,simple,retrieval,no_aggregate_keywords
553,codebase_community,simple,aggregate,aggregate_function:COUNT
554,codebase_community,simple,aggregate,aggregate_function:COUNT|group_by
555,codebase_community,simple,aggregate,aggregate_function:AVG
556,codebase_community,simple,aggregate,aggregate_function:COUNT
557,codebase_community,moderate,aggregate,aggregate_function:SUM
558,codebase_community,simple,aggregate,aggregate_function:COUNT
559,codebase_community,simple,aggregate,aggregate_function:COUNT|group_by
560,codebase_community,simple,aggregate,aggregate_function:COUNT
561,codebase_community,simple,retrieval,no_aggregate_keywords
562,codebase_community,simple,aggregate,aggregate_function:COUNT
563,codebase_community,moderate,retrieval,no_aggregate_keywords
564,codebase_community,simple,retrieval,no_aggregate_keywords
565,codebase_community,moderate,retrieval,no_aggregate_keywords
566,codebase_community,simple,retrieval,no_aggregate_keywords
567,codebase_community,simple,aggregate,aggregate_function:COUNT
568,codebase_community,simple,retrieval,no_aggregate_keywords
569,codebase_community,simple,aggregate,aggregate_function:COUNT
570,codebase_community,simple,retrieval,no_aggregate_keywords
571,codebase_community,moderate,aggregate,aggregate_function:COUNT
572,codebase_community,moderate,retrieval,no_aggregate_keywords
573,codebase_community,simple,retrieval,no_aggregate_keywords
574,codebase_community,simple,retrieval,no_aggregate_keywords
575,codebase_community,simple,retrieval,no_aggregate_keywords
576,codebase_community,simple,retrieval,no_aggregate_keywords
577,codebase_community,simple,retrieval,no_aggregate_keywords
578,codebase_community,moderate,retrieval,no_aggregate_keywords
579,codebase_community,simple,retrieval,no_aggregate_keywords
580,codebase_community,simple,retrieval,no_aggregate_keywords
581,codebase_community,moderate,retrieval,no_aggregate_keywords
582,codebase_community,simple,retrieval,no_aggregate_keywords
583,codebase_community,simple,aggregate,aggregate_function:SUM|group_by
584,codebase_community,moderate,retrieval,no_aggregate_keywords
585,codebase_community,simple,aggregate,aggregate_function:SUM
586,codebase_community,challenging,retrieval,no_aggregate_keywords
587,codebase_community,moderate,aggregate,aggregate_function:AVG|group_by
588,codebase_community,simple,aggregate,aggregate_function:COUNT
589,codebase_community,simple,aggregate,aggregate_function:MAX
590,codebase_community,simple,aggregate,aggregate_function:MIN
591,codebase_community,simple,aggregate,aggregate_function:COUNT
592,codebase_community,simple,aggregate,aggregate_function:COUNT|group_by
593,codebase_community,simple,aggregate,aggregate_function:COUNT
594,codebase_community,simple,retrieval,no_aggregate_keywords
595,codebase_community,moderate,aggregate,aggregate_function:COUNT|group_by|having
596,codebase_community,simple,aggregate,aggregate_function:COUNT|group_by
597,codebase_community,simple,aggregate,aggregate_function:COUNT
598,codebase_community,challenging,aggregate,aggregate_function:SUM
599,codebase_community,simple,aggregate,aggregate_function:COUNT
600,codebase_community,simple,retrieval,no_aggregate_keywords
601,codebase_community,simple,retrieval,no_aggregate_keywords
602,codebase_community,simple,retrieval,no_aggregate_keywords
603,codebase_community,simple,aggregate,aggregate_function:SUM
604,codebase_community,moderate,aggregate,aggregate_function:AVG|group_by|having
605,codebase_community,simple,aggregate,aggregate_function:COUNT
606,codebase_community,simple,retrieval,no_aggregate_keywords
607,codebase_community,simple,aggregate,aggregate_function:COUNT
608,codebase_community,simple,retrieval,no_aggregate_keywords
609,codebase_community,simple,aggregate,aggregate_function:COUNT
610,codebase_community,simple,retrieval,no_aggregate_keywords
611,codebase_community,simple,retrieval,no_aggregate_keywords
612,codebase_community,simple,retrieval,no_aggregate_keywords
613,codebase_community,simple,retrieval,no_aggregate_keywords
614,codebase_community,simple,aggregate,aggregate_function:COUNT
615,codebase_community,moderate,aggregate,aggregate_function:SUM
616,codebase_community,simple,retrieval,no_aggregate_keywords
617,codebase_community,simple,retrieval,no_aggregate_keywords
618,codebase_community,simple,retrieval,no_aggregate_keywords
619,codebase_community,simple,aggregate,aggregate_function:COUNT
620,codebase_community,simple,retrieval,no_aggregate_keywords
621,codebase_community,simple,aggregate,aggregate_function:MIN
622,codebase_community,simple,retrieval,no_aggregate_keywords
623,codebase_community,simple,aggregate,aggregate_function:COUNT
624,codebase_community,simple,retrieval,no_aggregate_keywords
625,codebase_community,simple,aggregate,aggregate_function:COUNT
626,codebase_community,simple,aggregate,aggregate_function:COUNT
627,codebase_community,simple,aggregate,aggregate_function:COUNT
628,codebase_community,simple,aggregate,aggregate_function:MAX
629,codebase_community,simple,aggregate,aggregate_function:SUM
630,codebase_community,simple,retrieval,no_aggregate_keywords
631,codebase_community,simple,aggregate,aggregate_function:COUNT
632,codebase_community,simple,aggregate,aggregate_function:COUNT
633,codebase_community,moderate,retrieval,no_aggregate_keywords
634,codebase_community,challenging,aggregate,aggregate_function:SUM|group_by
635,codebase_community,moderate,aggregate,aggregate_function:COUNT|group_by|having
636,codebase_community,simple,aggregate,aggregate_function:COUNT
637,codebase_community,moderate,retrieval,no_aggregate_keywords
638,codebase_community,simple,retrieval,no_aggregate_keywords
639,codebase_community,challenging,aggregate,aggregate_function:SUM
640,codebase_community,moderate,aggregate,aggregate_function:SUM
641,codebase_community,simple,aggregate,aggregate_function:COUNT
642,codebase_community,simple,aggregate,aggregate_function:COUNT
643,codebase_community,simple,aggregate,aggregate_function:MAX
644,codebase_community,simple,retrieval,no_aggregate_keywords
645,codebase_community,simple,aggregate,aggregate_function:COUNT
646,codebase_community,simple,retrieval,no_aggregate_keywords
647,codebase_community,simple,retrieval,no_aggregate_keywords
648,codebase_community,simple,retrieval,no_aggregate_keywords
649,codebase_community,simple,retrieval,no_aggregate_keywords
650,codebase_community,simple,retrieval,no_aggregate_keywords
651,codebase_community,simple,retrieval,no_aggregate_keywords
652,codebase_community,moderate,retrieval,no_aggregate_keywords
653,codebase_community,simple,retrieval,no_aggregate_keywords
654,codebase_community,moderate,retrieval,no_aggregate_keywords
655,codebase_community,simple,retrieval,no_aggregate_keywords
656,codebase_community,simple,retrieval,no_aggregate_keywords
657,codebase_community,moderate,retrieval,no_aggregate_keywords
658,codebase_community,simple,retrieval,no_aggregate_keywords
659,codebase_community,simple,aggregate,aggregate_function:COUNT
660,codebase_community,simple,aggregate,aggregate_function:MAX
661,codebase_community,simple,aggregate,aggregate_function:MAX
662,codebase_community,simple,aggregate,aggregate_function:COUNT
663,codebase_community,simple,aggregate,aggregate_function:MIN
664,codebase_community,simple,aggregate,aggregate_function:SUM
665,codebase_community,moderate,aggregate,aggregate_function:COUNT
666,codebase_community,simple,retrieval,no_aggregate_keywords
667,codebase_community,simple,retrieval,no_aggregate_keywords
668,codebase_community,simple,aggregate,aggregate_function:COUNT|group_by
669,codebase_community,simple,retrieval,no_aggregate_keywords
670,codebase_community,simple,retrieval,no_aggregate_keywords
671,codebase_community,simple,retrieval,no_aggregate_keywords
672,codebase_community,moderate,aggregate,aggregate_function:COUNT
673,codebase_community,simple,aggregate,aggregate_function:AVG
674,codebase_community,simple,aggregate,aggregate_function:MAX
675,codebase_community,simple,aggregate,aggregate_function:COUNT
676,codebase_community,simple,retrieval,no_aggregate_keywords
677,codebase_community,simple,aggregate,aggregate_function:COUNT
678,codebase_community,simple,retrieval,no_aggregate_keywords
679,codebase_community,simple,retrieval,no_aggregate_keywords
680,codebase_community,simple,aggregate,aggregate_function:AVG
681,codebase_community,simple,retrieval,no_aggregate_keywords
682,codebase_community,moderate,retrieval,no_aggregate_keywords
683,codebase_community,moderate,aggregate,aggregate_function:SUM
684,codebase_community,simple,aggregate,aggregate_function:SUM
685,codebase_community,moderate,retrieval,no_aggregate_keywords
686,codebase_community,simple,aggregate,aggregate_function:AVG
687,codebase_community,simple,aggregate,aggregate_function:COUNT|group_by
688,codebase_community,simple,aggregate,aggregate_function:COUNT
689,codebase_community,simple,retrieval,no_aggregate_keywords
690,codebase_community,simple,retrieval,no_aggregate_keywords
691,codebase_community,simple,aggregate,aggregate_function:COUNT
692,codebase_community,moderate,retrieval,no_aggregate_keywords
693,codebase_community,simple,aggregate,aggregate_function:COUNT
694,codebase_community,moderate,retrieval,no_aggregate_keywords
695,codebase_community,simple,aggregate,aggregate_function:COUNT
696,codebase_community,simple,aggregate,aggregate_function:COUNT
697,codebase_community,simple,retrieval,no_aggregate_keywords
698,codebase_community,simple,retrieval,no_aggregate_keywords
699,codebase_community,simple,retrieval,no_aggregate_keywords
700,codebase_community,simple,aggregate,aggregate_function:COUNT
701,codebase_community,challenging,aggregate,aggregate_function:SUM
702,codebase_community,simple,aggregate,aggregate_function:COUNT
703,codebase_community,simple,aggregate,aggregate_function:COUNT
704,codebase_community,simple,retrieval,no_aggregate_keywords
705,codebase_community,simple,retrieval,no_aggregate_keywords
706,codebase_community,simple,retrieval,no_aggregate_keywords
707,codebase_community,moderate,retrieval,no_aggregate_keywords
708,codebase_community,moderate,retrieval,no_aggregate_keywords
709,codebase_community,simple,aggregate,aggregate_function:COUNT
710,codebase_community,simple,aggregate,aggregate_function:COUNT
711,codebase_community,simple,aggregate,aggregate_function:COUNT
712,codebase_community,simple,retrieval,no_aggregate_keywords
713,codebase_community,simple,retrieval,no_aggregate_keywords
714,codebase_community,simple,retrieval,no_aggregate_keywords
715,codebase_community,simple,retrieval,no_aggregate_keywords
716,codebase_community,moderate,aggregate,aggregate_function:SUM
717,superhero,simple,retrieval,no_aggregate_keywords
718,superhero,simple,aggregate,aggregate_function:COUNT
719,superhero,moderate,aggregate,aggregate_function:COUNT
720,superhero,simple,aggregate,aggregate_function:COUNT|group_by|having
721,superhero,simple,aggregate,aggregate_function:COUNT
722,superhero,simple,retrieval,no_aggregate_keywords
723,superhero,moderate,aggregate,aggregate_function:COUNT
724,superhero,challenging,retrieval,no_aggregate_keywords
725,superhero,simple,aggregate,aggregate_function:COUNT
726,superhero,moderate,retrieval,no_aggregate_keywords
727,superhero,simple,retrieval,no_aggregate_keywords
728,superhero,moderate,aggregate,aggregate_function:COUNT|group_by
729,superhero,simple,aggregate,aggregate_function:AVG
730,superhero,challenging,retrieval,no_aggregate_keywords
731,superhero,simple,aggregate,aggregate_function:COUNT
732,superhero,moderate,retrieval,no_aggregate_keywords
733,superhero,moderate,aggregate,aggregate_function:COUNT
734,superhero,simple,retrieval,no_aggregate_keywords
735,superhero,simple,aggregate,aggregate_function:COUNT
736,superhero,moderate,retrieval,no_aggregate_keywords
737,superhero,simple,retrieval,no_aggregate_keywords
738,superhero,simple,retrieval,no_aggregate_keywords
739,superhero,moderate,retrieval,no_aggregate_keywords
740,superhero,moderate,aggregate,aggregate_function:COUNT
741,superhero,simple,aggregate,aggregate_function:COUNT|group_by
742,superhero,simple,aggregate,aggregate_function:COUNT
743,superhero,challenging,aggregate,aggregate_function:COUNT
744,superhero,challenging,aggregate,aggregate_function:SUM
745,superhero,simple,retrieval,no_aggregate_keywords
746,superhero,simple,aggregate,aggregate_function:AVG
747,superhero,simple,aggregate,aggregate_function:COUNT
748,superhero,simple,retrieval,no_aggregate_keywords
749,superhero,simple,retrieval,no_aggregate_keywords
750,superhero,simple,aggregate,aggregate_function:AVG
751,superhero,moderate,retrieval,no_aggregate_keywords
752,superhero,simple,retrieval,no_aggregate_keywords
753,superhero,moderate,retrieval,no_aggregate_keywords
754,superhero,simple,retrieval,no_aggregate_keywords
755,superhero,simple,retrieval,no_aggregate_keywords
756,superhero,simple,aggregate,aggregate_function:COUNT
757,superhero,simple,retrieval,no_aggregate_keywords
758,superhero,moderate,retrieval,no_aggregate_keywords
759,superhero,simple,retrieval,no_aggregate_keywords
760,superhero,challenging,aggregate,aggregate_function:COUNT
761,superhero,moderate,aggregate,aggregate_function:AVG
762,superhero,simple,aggregate,aggregate_function:COUNT|group_by
763,superhero,simple,retrieval,no_aggregate_keywords
764,superhero,simple,retrieval,no_aggregate_keywords
765,superhero,simple,aggregate,aggregate_function:COUNT
766,superhero,moderate,retrieval,no_aggregate_keywords
767,superhero,simple,aggregate,aggregate_function:COUNT
768,superhero,simple,aggregate,aggregate_function:COUNT
769,superhero,challenging,retrieval,no_aggregate_keywords
770,superhero,simple,retrieval,no_aggregate_keywords
771,superhero,simple,retrieval,no_aggregate_keywords
772,superhero,challenging,retrieval,no_aggregate_keywords
773,superhero,challenging,retrieval,no_aggregate_keywords
774,superhero,simple,retrieval,no_aggregate_keywords
775,superhero,challenging,aggregate,aggregate_function:COUNT
776,superhero,simple,retrieval,no_aggregate_keywords
777,superhero,simple,retrieval,no_aggregate_keywords
778,superhero,simple,retrieval,no_aggregate_keywords
779,superhero,simple,aggregate,aggregate_function:COUNT
780,superhero,simple,retrieval,no_aggregate_keywords
781,superhero,simple,retrieval,no_aggregate_keywords
782,superhero,moderate,retrieval,no_aggregate_keywords
783,superhero,simple,retrieval,no_aggregate_keywords
784,superhero,simple,retrieval,no_aggregate_keywords
785,superhero,simple,retrieval,no_aggregate_keywords
786,superhero,moderate,aggregate,aggregate_function:COUNT
787,superhero,simple,retrieval,no_aggregate_keywords
788,superhero,challenging,aggregate,aggregate_function:COUNT
789,superhero,simple,aggregate,aggregate_function:SUM
790,superhero,moderate,retrieval,no_aggregate_keywords
791,superhero,simple,aggregate,aggregate_function:SUM
792,superhero,simple,retrieval,no_aggregate_keywords
793,superhero,simple,aggregate,aggregate_function:COUNT
794,superhero,moderate,retrieval,no_aggregate_keywords
795,superhero,simple,aggregate,aggregate_function:COUNT
796,superhero,moderate,retrieval,no_aggregate_keywords
797,superhero,moderate,retrieval,no_aggregate_keywords
798,superhero,moderate,retrieval,no_aggregate_keywords
799,superhero,simple,aggregate,aggregate_function:COUNT
800,superhero,moderate,aggregate,aggregate_function:COUNT
801,superhero,moderate,aggregate,aggregate_function:COUNT
802,superhero,simple,retrieval,no_aggregate_keywords
803,superhero,simple,retrieval,no_aggregate_keywords
804,superhero,simple,retrieval,no_aggregate_keywords
805,superhero,simple,retrieval,no_aggregate_keywords
806,superhero,simple,retrieval,no_aggregate_keywords
807,superhero,simple,retrieval,no_aggregate_keywords
808,superhero,simple,retrieval,no_aggregate_keywords
809,superhero,simple,retrieval,no_aggregate_keywords
810,superhero,simple,retrieval,no_aggregate_keywords
811,superhero,simple,retrieval,no_aggregate_keywords
812,superhero,simple,retrieval,no_aggregate_keywords
813,superhero,simple,aggregate,aggregate_function:AVG
814,superhero,moderate,retrieval,no_aggregate_keywords
815,superhero,simple,aggregate,aggregate_function:COUNT
816,superhero,simple,retrieval,no_aggregate_keywords
817,superhero,moderate,retrieval,no_aggregate_keywords
818,superhero,challenging,aggregate,aggregate_function:COUNT
819,superhero,challenging,aggregate,aggregate_function:SUM
820,superhero,moderate,retrieval,no_aggregate_keywords
821,superhero,simple,retrieval,no_aggregate_keywords
822,superhero,moderate,aggregate,aggregate_function:COUNT
823,superhero,moderate,aggregate,aggregate_function:COUNT
824,superhero,moderate,retrieval,no_aggregate_keywords
825,superhero,moderate,retrieval,no_aggregate_keywords
826,superhero,simple,retrieval,no_aggregate_keywords
827,superhero,moderate,aggregate,aggregate_function:AVG
828,superhero,simple,aggregate,aggregate_function:COUNT
829,superhero,challenging,aggregate,aggregate_function:SUM
830,superhero,moderate,retrieval,no_aggregate_keywords
831,superhero,simple,retrieval,no_aggregate_keywords
832,superhero,simple,retrieval,no_aggregate_keywords
833,superhero,simple,retrieval,no_aggregate_keywords
834,superhero,challenging,aggregate,aggregate_function:COUNT
835,superhero,challenging,aggregate,aggregate_function:COUNT
836,superhero,simple,aggregate,aggregate_function:COUNT
837,superhero,simple,aggregate,aggregate_function:MIN
838,superhero,simple,retrieval,no_aggregate_keywords
839,superhero,simple,retrieval,no_aggregate_keywords
840,superhero,simple,retrieval,no_aggregate_keywords
841,superhero,simple,retrieval,no_aggregate_keywords
842,superhero,simple,aggregate,aggregate_function:AVG
843,superhero,simple,retrieval,no_aggregate_keywords
844,superhero,simple,retrieval,no_aggregate_keywords
845,superhero,moderate,aggregate,aggregate_function:AVG
846,formula_1,moderate,retrieval,no_aggregate_keywords
847,formula_1,simple,retrieval,no_aggregate_keywords
848,formula_1,simple,retrieval,no_aggregate_keywords
849,formula_1,simple,retrieval,no_aggregate_keywords
850,formula_1,simple,retrieval,no_aggregate_keywords
851,formula_1,simple,retrieval,no_aggregate_keywords
852,formula_1,moderate,aggregate,aggregate_function:COUNT
853,formula_1,simple,retrieval,no_aggregate_keywords
854,formula_1,simple,retrieval,no_aggregate_keywords
855,formula_1,simple,retrieval,no_aggregate_keywords
856,formula_1,simple,retrieval,no_aggregate_keywords
857,formula_1,simple,retrieval,no_aggregate_keywords
858,formula_1,simple,retrieval,no_aggregate_keywords
859,formula_1,simple,retrieval,no_aggregate_keywords
860,formula_1,simple,retrieval,no_aggregate_keywords
861,formula_1,simple,retrieval,no_aggregate_keywords
862,formula_1,simple,aggregate,aggregate_function:COUNT
863,formula_1,simple,retrieval,no_aggregate_keywords
864,formula_1,simple,aggregate,aggregate_function:COUNT
865,formula_1,moderate,retrieval,no_aggregate_keywords
866,formula_1,moderate,retrieval,no_aggregate_keywords
867,formula_1,simple,retrieval,no_aggregate_keywords
868,formula_1,simple,retrieval,no_aggregate_keywords
869,formula_1,moderate,retrieval,no_aggregate_keywords
870,formula_1,simple,retrieval,no_aggregate_keywords
871,formula_1,simple,retrieval,no_aggregate_keywords
872,formula_1,simple,retrieval,no_aggregate_keywords
873,formula_1,simple,retrieval,no_aggregate_keywords
874,formula_1,simple,retrieval,no_aggregate_keywords
875,formula_1,simple,retrieval,no_aggregate_keywords
876,formula_1,simple,aggregate,aggregate_function:COUNT
877,formula_1,moderate,retrieval,no_aggregate_keywords
878,formula_1,simple,retrieval,no_aggregate_keywords
879,formula_1,moderate,retrieval,no_aggregate_keywords
880,formula_1,challenging,aggregate,aggregate_function:SUM
881,formula_1,moderate,aggregate,aggregate_function:COUNT
882,formula_1,simple,retrieval,no_aggregate_keywords
883,formula_1,simple,retrieval,no_aggregate_keywords
884,formula_1,moderate,retrieval,no_aggregate_keywords
885,formula_1,simple,retrieval,no_aggregate_keywords
886,formula_1,simple,aggregate,aggregate_function:COUNT|group_by
887,formula_1,simple,retrieval,no_aggregate_keywords
888,formula_1,simple,retrieval,no_aggregate_keywords
889,formula_1,simple,retrieval,no_aggregate_keywords
890,formula_1,simple,aggregate,aggregate_function:COUNT
891,formula_1,simple,retrieval,no_aggregate_keywords
892,formula_1,moderate,retrieval,no_aggregate_keywords
893,formula_1,simple,retrieval,no_aggregate_keywords
894,formula_1,moderate,retrieval,no_aggregate_keywords
895,formula_1,moderate,aggregate,aggregate_function:AVG
896,formula_1,challenging,aggregate,aggregate_function:COUNT
897,formula_1,moderate,aggregate,aggregate_function:MAX|group_by
898,formula_1,simple,retrieval,no_aggregate_keywords
899,formula_1,moderate,aggregate,aggregate_function:COUNT|group_by|having
900,formula_1,simple,retrieval,no_aggregate_keywords
901,formula_1,simple,retrieval,no_aggregate_keywords
902,formula_1,simple,retrieval,no_aggregate_keywords
903,formula_1,moderate,aggregate,aggregate_function:SUM
904,formula_1,moderate,retrieval,no_aggregate_keywords
905,formula_1,simple,aggregate,aggregate_function:AVG
906,formula_1,moderate,retrieval,no_aggregate_keywords
907,formula_1,simple,retrieval,no_aggregate_keywords
908,formula_1,simple,retrieval,no_aggregate_keywords
909,formula_1,moderate,aggregate,aggregate_function:COUNT
910,formula_1,simple,retrieval,no_aggregate_keywords
911,formula_1,simple,retrieval,no_aggregate_keywords
912,formula_1,simple,retrieval,no_aggregate_keywords
913,formula_1,simple,retrieval,no_aggregate_keywords
914,formula_1,simple,aggregate,aggregate_function:COUNT
915,formula_1,simple,retrieval,no_aggregate_keywords
916,formula_1,simple,retrieval,no_aggregate_keywords
917,formula_1,simple,retrieval,no_aggregate_keywords
918,formula_1,simple,retrieval,no_aggregate_keywords
919,formula_1,simple,retrieval,no_aggregate_keywords
920,formula_1,simple,retrieval,no_aggregate_keywords
921,formula_1,simple,retrieval,no_aggregate_keywords
922,formula_1,simple,retrieval,no_aggregate_keywords
923,formula_1,simple,aggregate,aggregate_function:COUNT
924,formula_1,simple,retrieval,no_aggregate_keywords
925,formula_1,simple,retrieval,no_aggregate_keywords
926,formula_1,simple,retrieval,no_aggregate_keywords
927,formula_1,simple,retrieval,no_aggregate_keywords
928,formula_1,moderate,retrieval,no_aggregate_keywords
929,formula_1,simple,retrieval,no_aggregate_keywords
930,formula_1,simple,retrieval,no_aggregate_keywords
931,formula_1,moderate,retrieval,no_aggregate_keywords
932,formula_1,simple,retrieval,no_aggregate_keywords
933,formula_1,moderate,retrieval,no_aggregate_keywords
934,formula_1,moderate,retrieval,no_aggregate_keywords
935,formula_1,simple,aggregate,aggregate_function:COUNT
936,formula_1,simple,retrieval,no_aggregate_keywords
937,formula_1,simple,retrieval,no_aggregate_keywords
938,formula_1,moderate,retrieval,no_aggregate_keywords
939,formula_1,moderate,aggregate,aggregate_function:COUNT
940,formula_1,moderate,aggregate,aggregate_function:COUNT|group_by|having
941,formula_1,simple,aggregate,aggregate_function:SUM
942,formula_1,moderate,aggregate,aggregate_function:AVG
943,formula_1,moderate,aggregate,aggregate_function:SUM
944,formula_1,challenging,aggregate,aggregate_function:MAX
945,formula_1,simple,aggregate,aggregate_function:COUNT
946,formula_1,simple,retrieval,no_aggregate_keywords
947,formula_1,simple,aggregate,aggregate_function:COUNT
948,formula_1,simple,aggregate,aggregate_function:MAX
949,formula_1,simple,retrieval,no_aggregate_keywords
950,formula_1,simple,retrieval,no_aggregate_keywords
951,formula_1,simple,aggregate,aggregate_function:COUNT|group_by|having
952,formula_1,simple,retrieval,no_aggregate_keywords
953,formula_1,simple,aggregate,aggregate_function:COUNT
954,formula_1,challenging,aggregate,aggregate_function:SUM
955,formula_1,challenging,aggregate,aggregate_function:AVG|group_by|having
956,formula_1,simple,retrieval,no_aggregate_keywords
957,formula_1,simple,aggregate,aggregate_function:COUNT
958,formula_1,moderate,retrieval,no_aggregate_keywords
959,formula_1,simple,retrieval,no_aggregate_keywords
960,formula_1,moderate,aggregate,aggregate_function:AVG
961,formula_1,simple,retrieval,no_aggregate_keywords
962,formula_1,challenging,aggregate,aggregate_function:SUM
963,formula_1,moderate,aggregate,aggregate_function:COUNT
964,formula_1,simple,retrieval,no_aggregate_keywords
965,formula_1,simple,retrieval,no_aggregate_keywords
966,formula_1,simple,aggregate,aggregate_function:COUNT
967,formula_1,simple,aggregate,aggregate_function:COUNT
968,formula_1,simple,retrieval,no_aggregate_keywords
969,formula_1,simple,aggregate,aggregate_function:COUNT
970,formula_1,moderate,retrieval,no_aggregate_keywords
971,formula_1,simple,retrieval,no_aggregate_keywords
972,formula_1,moderate,retrieval,no_aggregate_keywords
973,formula_1,moderate,retrieval,no_aggregate_keywords
974,formula_1,simple,retrieval,no_aggregate_keywords
975,formula_1,simple,retrieval,no_aggregate_keywords
976,formula_1,simple,retrieval,no_aggregate_keywords
977,formula_1,simple,aggregate,aggregate_function:SUM
978,formula_1,simple,retrieval,no_aggregate_keywords
979,formula_1,simple,aggregate,aggregate_function:COUNT|group_by
980,formula_1,moderate,retrieval,no_aggregate_keywords
981,formula_1,moderate,retrieval,no_aggregate_keywords
982,formula_1,simple,aggregate,aggregate_function:COUNT
983,formula_1,simple,retrieval,no_aggregate_keywords
984,formula_1,simple,retrieval,no_aggregate_keywords
985,formula_1,simple,retrieval,no_aggregate_keywords
986,formula_1,simple,retrieval,no_aggregate_keywords
987,formula_1,simple,aggregate,aggregate_function:AVG
988,formula_1,challenging,aggregate,aggregate_function:AVG|group_by
989,formula_1,moderate,retrieval,no_aggregate_keywords
990,formula_1,challenging,retrieval,no_aggregate_keywords
991,formula_1,simple,retrieval,no_aggregate_keywords
992,formula_1,moderate,retrieval,no_aggregate_keywords
993,formula_1,simple,retrieval,no_aggregate_keywords
994,formula_1,challenging,aggregate,aggregate_function:SUM|group_by
995,formula_1,moderate,aggregate,aggregate_function:AVG
996,formula_1,simple,aggregate,aggregate_function:SUM
997,formula_1,simple,aggregate,aggregate_function:COUNT|group_by
998,formula_1,simple,aggregate,aggregate_function:SUM
999,formula_1,simple,retrieval,no_aggregate_keywords
1000,formula_1,simple,retrieval,no_aggregate_keywords
1001,formula_1,challenging,retrieval,no_aggregate_keywords
1002,formula_1,moderate,retrieval,no_aggregate_keywords
1003,formula_1,moderate,aggregate,aggregate_function:COUNT|group_by
1004,formula_1,simple,aggregate,aggregate_function:SUM
1005,formula_1,simple,retrieval,no_aggregate_keywords
1006,formula_1,challenging,retrieval,no_aggregate_keywords
1007,formula_1,simple,retrieval,no_aggregate_keywords
1008,formula_1,simple,retrieval,no_aggregate_keywords
1009,formula_1,simple,retrieval,no_aggregate_keywords
1010,formula_1,simple,retrieval,no_aggregate_keywords
1011,formula_1,challenging,aggregate,aggregate_function:MIN|group_by
1012,formula_1,simple,retrieval,no_aggregate_keywords
1013,formula_1,simple,aggregate,aggregate_function:MIN
1014,formula_1,challenging,aggregate,aggregate_function:MIN
1015,formula_1,moderate,aggregate,aggregate_function:MIN
1016,formula_1,challenging,aggregate,aggregate_function:MIN
1017,formula_1,moderate,retrieval,no_aggregate_keywords
1018,formula_1,simple,aggregate,aggregate_function:AVG
1019,formula_1,moderate,aggregate,aggregate_function:SUM
1020,european_football_2,simple,retrieval,no_aggregate_keywords
1021,european_football_2,simple,retrieval,no_aggregate_keywords
1022,european_football_2,simple,retrieval,no_aggregate_keywords
1023,european_football_2,moderate,aggregate,aggregate_function:COUNT
1024,european_football_2,simple,retrieval,no_aggregate_keywords
1025,european_football_2,moderate,aggregate,aggregate_function:SUM|group_by
1026,european_football_2,moderate,aggregate,aggregate_function:COUNT|group_by
1027,european_football_2,simple,retrieval,no_aggregate_keywords
1028,european_football_2,challenging,aggregate,aggregate_function:COUNT|group_by
1029,european_football_2,moderate,retrieval,no_aggregate_keywords
1030,european_football_2,moderate,aggregate,aggregate_function:COUNT|group_by
1031,european_football_2,challenging,retrieval,no_aggregate_keywords
1032,european_football_2,moderate,aggregate,aggregate_function:MAX|group_by
1033,european_football_2,simple,aggregate,aggregate_function:SUM
1034,european_football_2,simple,retrieval,no_aggregate_keywords
1035,european_football_2,simple,retrieval,no_aggregate_keywords
1036,european_football_2,challenging,aggregate,aggregate_function:SUM
1037,european_football_2,challenging,aggregate,aggregate_function:COUNT
1038,european_football_2,moderate,aggregate,aggregate_function:SUM|group_by
1039,european_football_2,simple,aggregate,aggregate_function:SUM
1040,european_football_2,moderate,aggregate,aggregate_function:SUM|group_by
1041,european_football_2,challenging,aggregate,aggregate_function:SUM
1042,european_football_2,challenging,aggregate,aggregate_function:SUM|group_by|having
1043,european_football_2,simple,retrieval,no_aggregate_keywords
1044,european_football_2,simple,retrieval,no_aggregate_keywords
1045,european_football_2,simple,retrieval,no_aggregate_keywords
1046,european_football_2,moderate,retrieval,no_aggregate_keywords
1047,european_football_2,moderate,retrieval,no_aggregate_keywords
1048,european_football_2,simple,retrieval,no_aggregate_keywords
1049,european_football_2,simple,aggregate,aggregate_function:COUNT
1050,european_football_2,simple,retrieval,no_aggregate_keywords
1051,european_football_2,simple,aggregate,aggregate_function:MAX
1052,european_football_2,moderate,aggregate,aggregate_function:COUNT
1053,european_football_2,moderate,retrieval,no_aggregate_keywords
1054,european_football_2,simple,retrieval,no_aggregate_keywords
1055,european_football_2,simple,retrieval,no_aggregate_keywords
1056,european_football_2,simple,retrieval,no_aggregate_keywords
1057,european_football_2,moderate,aggregate,aggregate_function:SUM
1058,european_football_2,challenging,aggregate,aggregate_function:AVG
1059,european_football_2,simple,retrieval,no_aggregate_keywords
1060,european_football_2,simple,aggregate,aggregate_function:COUNT
1061,european_football_2,simple,aggregate,aggregate_function:COUNT
1062,european_football_2,moderate,retrieval,no_aggregate_keywords
1063,european_football_2,simple,retrieval,no_aggregate_keywords
1064,european_football_2,simple,retrieval,no_aggregate_keywords
1065,european_football_2,simple,retrieval,no_aggregate_keywords
1066,european_football_2,simple,retrieval,no_aggregate_keywords
1067,european_football_2,moderate,retrieval,no_aggregate_keywords
1068,european_football_2,moderate,aggregate,aggregate_function:SUM
1069,european_football_2,simple,retrieval,no_aggregate_keywords
1070,european_football_2,simple,retrieval,no_aggregate_keywords
1071,european_football_2,challenging,retrieval,no_aggregate_keywords
1072,european_football_2,simple,aggregate,aggregate_function:SUM
1073,european_football_2,moderate,aggregate,aggregate_function:COUNT
1074,european_football_2,simple,retrieval,no_aggregate_keywords
1075,european_football_2,moderate,retrieval,no_aggregate_keywords
1076,european_football_2,challenging,aggregate,aggregate_function:SUM
1077,european_football_2,simple,retrieval,no_aggregate_keywords
1078,european_football_2,simple,retrieval,no_aggregate_keywords
1079,european_football_2,simple,retrieval,no_aggregate_keywords
1080,european_football_2,moderate,aggregate,aggregate_function:COUNT
1081,european_football_2,simple,retrieval,no_aggregate_keywords
1082,european_football_2,simple,retrieval,no_aggregate_keywords
1083,european_football_2,simple,retrieval,no_aggregate_keywords
1084,european_football_2,challenging,aggregate,aggregate_function:COUNT
1085,european_football_2,moderate,retrieval,no_aggregate_keywords
1086,european_football_2,simple,retrieval,no_aggregate_keywords
1087,european_football_2,simple,aggregate,aggregate_function:COUNT
1088,european_football_2,moderate,retrieval,no_aggregate_keywords
1089,european_football_2,simple,aggregate,aggregate_function:COUNT
1090,european_football_2,simple,retrieval,no_aggregate_keywords
1091,european_football_2,moderate,aggregate,aggregate_function:COUNT
1092,european_football_2,simple,aggregate,aggregate_function:COUNT|group_by|having
1093,european_football_2,moderate,aggregate,aggregate_function:SUM
1094,european_football_2,challenging,aggregate,aggregate_function:SUM
1095,european_football_2,moderate,aggregate,aggregate_function:SUM
1096,european_football_2,moderate,aggregate,aggregate_function:SUM
1097,european_football_2,simple,aggregate,aggregate_function:SUM
1098,european_football_2,moderate,retrieval,no_aggregate_keywords
1099,european_football_2,simple,retrieval,no_aggregate_keywords
1100,european_football_2,simple,aggregate,aggregate_function:MAX
1101,european_football_2,moderate,aggregate,aggregate_function:SUM
1102,european_football_2,moderate,retrieval,no_aggregate_keywords
1103,european_football_2,moderate,retrieval,no_aggregate_keywords
1104,european_football_2,moderate,retrieval,no_aggregate_keywords
1105,european_football_2,moderate,retrieval,no_aggregate_keywords
1106,european_football_2,moderate,retrieval,no_aggregate_keywords
1107,european_football_2,moderate,retrieval,no_aggregate_keywords
1108,european_football_2,moderate,retrieval,no_aggregate_keywords
1109,european_football_2,moderate,retrieval,no_aggregate_keywords
1110,european_football_2,moderate,retrieval,no_aggregate_keywords
1111,european_football_2,moderate,retrieval,no_aggregate_keywords
1112,european_football_2,moderate,retrieval,no_aggregate_keywords
1113,european_football_2,moderate,retrieval,no_aggregate_keywords
1114,european_football_2,challenging,aggregate,aggregate_function:SUM
1115,european_football_2,challenging,aggregate,aggregate_function:SUM
1116,european_football_2,simple,retrieval,no_aggregate_keywords
1117,european_football_2,simple,retrieval,no_aggregate_keywords
1118,european_football_2,simple,retrieval,no_aggregate_keywords
1119,european_football_2,simple,aggregate,aggregate_function:SUM
1120,european_football_2,moderate,aggregate,aggregate_function:SUM
1121,european_football_2,moderate,aggregate,aggregate_function:SUM
1122,european_football_2,simple,aggregate,aggregate_function:MAX
1123,european_football_2,simple,retrieval,no_aggregate_keywords
1124,european_football_2,moderate,retrieval,no_aggregate_keywords
1125,european_football_2,moderate,retrieval,no_aggregate_keywords
1126,european_football_2,simple,retrieval,no_aggregate_keywords
1127,european_football_2,moderate,retrieval,no_aggregate_keywords
1128,european_football_2,simple,aggregate,aggregate_function:AVG|group_by
1129,european_football_2,simple,retrieval,no_aggregate_keywords
1130,european_football_2,moderate,retrieval,no_aggregate_keywords
1131,european_football_2,simple,aggregate,aggregate_function:SUM
1132,european_football_2,simple,retrieval,no_aggregate_keywords
1133,european_football_2,simple,aggregate,aggregate_function:COUNT
1134,european_football_2,simple,aggregate,aggregate_function:SUM
1135,european_football_2,moderate,retrieval,no_aggregate_keywords
1136,european_football_2,moderate,aggregate,aggregate_function:COUNT
1137,european_football_2,simple,aggregate,aggregate_function:COUNT
1138,european_football_2,simple,retrieval,no_aggregate_keywords
1139,european_football_2,challenging,retrieval,no_aggregate_keywords
1140,european_football_2,simple,retrieval,no_aggregate_keywords
1141,european_football_2,moderate,retrieval,no_aggregate_keywords
1142,european_football_2,simple,aggregate,aggregate_function:COUNT
1143,european_football_2,simple,aggregate,aggregate_function:MAX
1144,european_football_2,simple,retrieval,no_aggregate_keywords
1145,european_football_2,simple,aggregate,aggregate_function:COUNT|group_by
1146,european_football_2,moderate,retrieval,no_aggregate_keywords
1147,european_football_2,simple,aggregate,aggregate_function:MAX
1148,european_football_2,moderate,aggregate,aggregate_function:COUNT
1149,thrombosis_prediction,moderate,aggregate,aggregate_function:SUM
1150,thrombosis_prediction,moderate,aggregate,aggregate_function:SUM
1151,thrombosis_prediction,moderate,aggregate,aggregate_function:SUM
1152,thrombosis_prediction,moderate,aggregate,aggregate_function:SUM
1153,thrombosis_prediction,simple,retrieval,no_aggregate_keywords
1154,thrombosis_prediction,simple,retrieval,no_aggregate_keywords
1155,thrombosis_prediction,simple,retrieval,no_aggregate_keywords
1156,thrombosis_prediction,moderate,retrieval,no_aggregate_keywords
1157,thrombosis_prediction,simple,retrieval,no_aggregate_keywords
1158,thrombosis_prediction,moderate,retrieval,no_aggregate_keywords
1159,thrombosis_prediction,simple,retrieval,no_aggregate_keywords
1160,thrombosis_prediction,moderate,aggregate,aggregate_function:SUM
1161,thrombosis_prediction,challenging,aggregate,aggregate_function:AVG
1162,thrombosis_prediction,moderate,aggregate,aggregate_function:COUNT
1163,thrombosis_prediction,simple,aggregate,aggregate_function:MIN
1164,thrombosis_prediction,moderate,aggregate,aggregate_function:COUNT
1165,thrombosis_prediction,moderate,aggregate,aggregate_function:MAX
1166,thrombosis_prediction,simple,retrieval,no_aggregate_keywords
1167,thrombosis_prediction,moderate,aggregate,aggregate_function:COUNT
1168,thrombosis_prediction,challenging,retrieval,no_aggregate_keywords
1169,thrombosis_prediction,challenging,aggregate,aggregate_function:SUM
1170,thrombosis_prediction,moderate,aggregate,aggregate_function:COUNT
1171,thrombosis_prediction,challenging,aggregate,aggregate_function:COUNT
1172,thrombosis_prediction,simple,aggregate,aggregate_function:COUNT
1173,thrombosis_prediction,challenging,aggregate,aggregate_function:COUNT|group_by
1174,thrombosis_prediction,moderate,aggregate,aggregate_function:AVG
1175,thrombosis_prediction,moderate,retrieval,no_aggregate_keywords
1176,thrombosis_prediction,simple,retrieval,no_aggregate_keywords
1177,thrombosis_prediction,simple,retrieval,no_aggregate_keywords
1178,thrombosis_prediction,simple,retrieval,no_aggregate_keywords
1179,thrombosis_prediction,moderate,retrieval,no_aggregate_keywords
1180,thrombosis_prediction,moderate,retrieval,no_aggregate_keywords
1181,thrombosis_prediction,moderate,retrieval,no_aggregate_keywords
1182,thrombosis_prediction,moderate,aggregate,aggregate_function:COUNT
1183,thrombosis_prediction,challenging,retrieval,no_aggregate_keywords
1184,thrombosis_prediction,simple,retrieval,no_aggregate_keywords
1185,thrombosis_prediction,challenging,aggregate,aggregate_function:SUM
1186,thrombosis_prediction,moderate,retrieval,no_aggregate_keywords
1187,thrombosis_prediction,moderate,retrieval,no_aggregate_keywords
1188,thrombosis_prediction,simple,retrieval,no_aggregate_keywords
1189,thrombosis_prediction,challenging,aggregate,aggregate_function:COUNT
1190,thrombosis_prediction,challenging,aggregate,aggregate_function:SUM
1191,thrombosis_prediction,challenging,aggregate,aggregate_function:SUM
1192,thrombosis_prediction,challenging,retrieval,no_aggregate_keywords
1193,thrombosis_prediction,moderate,aggregate,aggregate_function:COUNT
1194,thrombosis_prediction,challenging,retrieval,no_aggregate_keywords
1195,thrombosis_prediction,moderate,aggregate,aggregate_function:AVG
1196,thrombosis_prediction,simple,aggregate,aggregate_function:COUNT|group_by
1197,thrombosis_prediction,simple,retrieval,no_aggregate_keywords
1198,thrombosis_prediction,simple,aggregate,aggregate_function:COUNT
1199,thrombosis_prediction,simple,aggregate,aggregate_function:COUNT
1200,thrombosis_prediction,moderate,aggregate,aggregate_function:SUM
1201,thrombosis_prediction,moderate,aggregate,aggregate_function:SUM
1202,thrombosis_prediction,challenging,aggregate,aggregate_function:COUNT
1203,thrombosis_prediction,simple,aggregate,aggregate_function:COUNT
1204,thrombosis_prediction,simple,retrieval,no_aggregate_keywords
1205,thrombosis_prediction,moderate,retrieval,no_aggregate_keywords
1206,thrombosis_prediction,simple,retrieval,no_aggregate_keywords
1207,thrombosis_prediction,moderate,retrieval,no_aggregate_keywords
1208,thrombosis_prediction,moderate,retrieval,no_aggregate_keywords
1209,thrombosis_prediction,moderate,retrieval,no_aggregate_keywords
1210,thrombosis_prediction,simple,aggregate,aggregate_function:AVG
1211,thrombosis_prediction,moderate,retrieval,no_aggregate_keywords
1212,thrombosis_prediction,moderate,retrieval,no_aggregate_keywords
1213,thrombosis_prediction,moderate,retrieval,no_aggregate_keywords
1214,thrombosis_prediction,simple,retrieval,no_aggregate_keywords
1215,thrombosis_prediction,moderate,retrieval,no_aggregate_keywords
1216,thrombosis_prediction,simple,retrieval,no_aggregate_keywords
1217,thrombosis_prediction,moderate,retrieval,no_aggregate_keywords
1218,thrombosis_prediction,moderate,aggregate,aggregate_function:SUM
1219,thrombosis_prediction,moderate,aggregate,aggregate_function:AVG
1220,thrombosis_prediction,simple,retrieval,no_aggregate_keywords
1221,thrombosis_prediction,simple,retrieval,no_aggregate_keywords
1222,thrombosis_prediction,simple,aggregate,aggregate_function:COUNT
1223,thrombosis_prediction,challenging,aggregate,aggregate_function:SUM
1224,thrombosis_prediction,simple,retrieval,no_aggregate_keywords
1225,thrombosis_prediction,moderate,aggregate,group_by
1226,thrombosis_prediction,simple,retrieval,no_aggregate_keywords
1227,thrombosis_prediction,moderate,aggregate,aggregate_function:AVG
1228,thrombosis_prediction,simple,retrieval,no_aggregate_keywords
1229,thrombosis_prediction,moderate,aggregate,aggregate_function:COUNT
1230,thrombosis_prediction,simple,retrieval,no_aggregate_keywords
1231,thrombosis_prediction,challenging,aggregate,aggregate_function:COUNT
1232,thrombosis_prediction,challenging,retrieval,no_aggregate_keywords
1233,thrombosis_prediction,moderate,retrieval,no_aggregate_keywords
1234,thrombosis_prediction,moderate,aggregate,group_by
1235,thrombosis_prediction,moderate,retrieval,no_aggregate_keywords
1236,thrombosis_prediction,challenging,retrieval,no_aggregate_keywords
1237,thrombosis_prediction,simple,retrieval,no_aggregate_keywords
1238,thrombosis_prediction,moderate,retrieval,no_aggregate_keywords
1239,thrombosis_prediction,challenging,aggregate,aggregate_function:COUNT|group_by|having
1240,thrombosis_prediction,moderate,aggregate,aggregate_function:AVG
1241,thrombosis_prediction,challenging,aggregate,aggregate_function:SUM
1242,thrombosis_prediction,challenging,retrieval,no_aggregate_keywords
1243,thrombosis_prediction,challenging,aggregate,aggregate_function:SUM
1244,thrombosis_prediction,moderate,retrieval,no_aggregate_keywords
1245,thrombosis_prediction,moderate,aggregate,aggregate_function:COUNT
1246,thrombosis_prediction,moderate,aggregate,aggregate_function:COUNT
1247,thrombosis_prediction,challenging,aggregate,aggregate_function:COUNT
1248,thrombosis_prediction,moderate,aggregate,aggregate_function:COUNT
1249,thrombosis_prediction,simple,retrieval,no_aggregate_keywords
1250,thrombosis_prediction,moderate,retrieval,no_aggregate_keywords
1251,thrombosis_prediction,simple,aggregate,aggregate_function:COUNT
1252,thrombosis_prediction,moderate,aggregate,aggregate_function:COUNT
1253,thrombosis_prediction,simple,retrieval,no_aggregate_keywords
1254,thrombosis_prediction,moderate,aggregate,aggregate_function:COUNT
1255,thrombosis_prediction,moderate,aggregate,aggregate_function:COUNT|group_by
1256,thrombosis_prediction,moderate,aggregate,aggregate_function:COUNT
1257,thrombosis_prediction,challenging,aggregate,aggregate_function:COUNT
1258,thrombosis_prediction,moderate,aggregate,aggregate_function:COUNT
1259,thrombosis_prediction,moderate,retrieval,no_aggregate_keywords
1260,thrombosis_prediction,simple,retrieval,no_aggregate_keywords
1261,thrombosis_prediction,simple,aggregate,aggregate_function:COUNT
1262,thrombosis_prediction,moderate,aggregate,aggregate_function:COUNT
1263,thrombosis_prediction,moderate,retrieval,no_aggregate_keywords
1264,thrombosis_prediction,moderate,aggregate,aggregate_function:COUNT
1265,thrombosis_prediction,moderate,aggregate,aggregate_function:COUNT
1266,thrombosis_prediction,moderate,retrieval,no_aggregate_keywords
1267,thrombosis_prediction,moderate,aggregate,aggregate_function:COUNT
1268,thrombosis_prediction,simple,retrieval,no_aggregate_keywords
1269,thrombosis_prediction,moderate,retrieval,no_aggregate_keywords
1270,thrombosis_prediction,challenging,aggregate,aggregate_function:COUNT
1271,thrombosis_prediction,moderate,aggregate,aggregate_function:COUNT
1272,thrombosis_prediction,moderate,retrieval,no_aggregate_keywords
1273,thrombosis_prediction,moderate,aggregate,aggregate_function:COUNT
1274,thrombosis_prediction,moderate,aggregate,aggregate_function:COUNT
1275,thrombosis_prediction,moderate,aggregate,aggregate_function:COUNT
1276,thrombosis_prediction,simple,retrieval,no_aggregate_keywords
1277,thrombosis_prediction,moderate,aggregate,aggregate_function:COUNT
1278,thrombosis_prediction,simple,aggregate,aggregate_function:COUNT
1279,thrombosis_prediction,moderate,aggregate,aggregate_function:COUNT
1280,thrombosis_prediction,simple,aggregate,aggregate_function:COUNT
1281,thrombosis_prediction,moderate,retrieval,no_aggregate_keywords
1282,thrombosis_prediction,simple,retrieval,no_aggregate_keywords
1283,thrombosis_prediction,simple,aggregate,aggregate_function:COUNT
1284,thrombosis_prediction,moderate,retrieval,no_aggregate_keywords
1285,thrombosis_prediction,moderate,retrieval,no_aggregate_keywords
1286,thrombosis_prediction,simple,aggregate,aggregate_function:COUNT
1287,thrombosis_prediction,moderate,aggregate,aggregate_function:COUNT
1288,thrombosis_prediction,simple,retrieval,no_aggregate_keywords
1289,thrombosis_prediction,moderate,aggregate,aggregate_function:COUNT
1290,thrombosis_prediction,simple,retrieval,no_aggregate_keywords
1291,thrombosis_prediction,moderate,aggregate,aggregate_function:COUNT
1292,thrombosis_prediction,challenging,retrieval,no_aggregate_keywords
1293,thrombosis_prediction,moderate,retrieval,no_aggregate_keywords
1294,thrombosis_prediction,moderate,retrieval,no_aggregate_keywords
1295,thrombosis_prediction,challenging,aggregate,aggregate_function:COUNT
1296,thrombosis_prediction,moderate,retrieval,no_aggregate_keywords
1297,thrombosis_prediction,moderate,aggregate,aggregate_function:COUNT
1298,thrombosis_prediction,moderate,aggregate,aggregate_function:COUNT
1299,thrombosis_prediction,simple,aggregate,aggregate_function:COUNT
1300,thrombosis_prediction,moderate,retrieval,no_aggregate_keywords
1301,thrombosis_prediction,simple,retrieval,no_aggregate_keywords
1302,thrombosis_prediction,challenging,aggregate,aggregate_function:COUNT
1303,thrombosis_prediction,simple,retrieval,no_aggregate_keywords
1304,thrombosis_prediction,moderate,aggregate,aggregate_function:COUNT
1305,thrombosis_prediction,moderate,aggregate,aggregate_function:COUNT
1306,thrombosis_prediction,simple,aggregate,aggregate_function:COUNT
1307,thrombosis_prediction,challenging,retrieval,no_aggregate_keywords
1308,thrombosis_prediction,moderate,aggregate,aggregate_function:COUNT
1309,thrombosis_prediction,moderate,retrieval,no_aggregate_keywords
1310,thrombosis_prediction,simple,aggregate,aggregate_function:AVG
1311,thrombosis_prediction,moderate,aggregate,aggregate_function:COUNT
1312,student_club,simple,retrieval,no_aggregate_keywords
1313,student_club,simple,aggregate,aggregate_function:COUNT
1314,student_club,simple,retrieval,no_aggregate_keywords
1315,student_club,simple,aggregate,aggregate_function:COUNT
1316,student_club,moderate,retrieval,no_aggregate_keywords
1317,student_club,moderate,aggregate,aggregate_function:COUNT
1318,student_club,simple,aggregate,aggregate_function:COUNT|group_by
1319,student_club,simple,retrieval,no_aggregate_keywords
1320,student_club,simple,retrieval,no_aggregate_keywords
1321,student_club,moderate,aggregate,aggregate_function:COUNT
1322,student_club,moderate,aggregate,aggregate_function:COUNT|group_by|having
1323,student_club,moderate,aggregate,aggregate_function:COUNT|group_by|having
1324,student_club,moderate,aggregate,aggregate_function:COUNT
1325,student_club,simple,retrieval,no_aggregate_keywords
1326,student_club,simple,aggregate,aggregate_function:COUNT
1327,student_club,moderate,retrieval,no_aggregate_keywords
1328,student_club,simple,retrieval,no_aggregate_keywords
1329,student_club,simple,retrieval,no_aggregate_keywords
1330,student_club,simple,retrieval,no_aggregate_keywords
1331,student_club,simple,retrieval,no_aggregate_keywords
1332,student_club,moderate,retrieval,no_aggregate_keywords
1333,student_club,simple,retrieval,no_aggregate_keywords
1334,student_club,simple,retrieval,no_aggregate_keywords
1335,student_club,moderate,retrieval,no_aggregate_keywords
1336,student_club,simple,retrieval,no_aggregate_keywords
1337,student_club,simple,aggregate,aggregate_function:SUM
1338,student_club,moderate,retrieval,no_aggregate_keywords
1339,student_club,challenging,aggregate,aggregate_function:AVG
1340,student_club,moderate,aggregate,aggregate_function:SUM
1341,student_club,simple,retrieval,no_aggregate_keywords
1342,student_club,simple,retrieval,no_aggregate_keywords
1343,student_club,simple,aggregate,aggregate_function:MAX
1344,student_club,simple,retrieval,no_aggregate_keywords
1345,student_club,simple,aggregate,aggregate_function:COUNT
1346,student_club,simple,retrieval,no_aggregate_keywords
1347,student_club,simple,retrieval,no_aggregate_keywords
1348,student_club,simple,aggregate,aggregate_function:COUNT
1349,student_club,simple,aggregate,aggregate_function:SUM
1350,student_club,moderate,retrieval,no_aggregate_keywords
1351,student_club,simple,retrieval,no_aggregate_keywords
1352,student_club,moderate,aggregate,aggregate_function:COUNT
1353,student_club,simple,retrieval,no_aggregate_keywords
1354,student_club,simple,retrieval,no_aggregate_keywords
1355,student_club,simple,retrieval,no_aggregate_keywords
1356,student_club,simple,retrieval,no_aggregate_keywords
1357,student_club,simple,retrieval,no_aggregate_keywords
1358,student_club,simple,retrieval,no_aggregate_keywords
1359,student_club,challenging,aggregate,aggregate_function:SUM
1360,student_club,moderate,aggregate,aggregate_function:SUM
1361,student_club,simple,aggregate,aggregate_function:SUM
1362,student_club,simple,aggregate,aggregate_function:COUNT
1363,student_club,simple,retrieval,no_aggregate_keywords
1364,student_club,simple,retrieval,no_aggregate_keywords
1365,student_club,simple,retrieval,no_aggregate_keywords
1366,student_club,simple,retrieval,no_aggregate_keywords
1367,student_club,simple,aggregate,aggregate_function:COUNT|group_by
1368,student_club,simple,retrieval,no_aggregate_keywords
1369,student_club,simple,retrieval,no_aggregate_keywords
1370,student_club,simple,retrieval,no_aggregate_keywords
1371,student_club,simple,aggregate,aggregate_function:COUNT
1372,student_club,simple,retrieval,no_aggregate_keywords
1373,student_club,simple,aggregate,aggregate_function:COUNT
1374,student_club,simple,aggregate,aggregate_function:COUNT
1375,student_club,moderate,retrieval,no_aggregate_keywords
1376,student_club,moderate,retrieval,no_aggregate_keywords
1377,student_club,simple,aggregate,aggregate_function:COUNT
1378,student_club,simple,aggregate,aggregate_function:MAX
1379,student_club,simple,aggregate,aggregate_function:COUNT
1380,student_club,simple,aggregate,aggregate_function:SUM
1381,student_club,moderate,aggregate,aggregate_function:COUNT|group_by|having
1382,student_club,moderate,retrieval,no_aggregate_keywords
1383,student_club,simple,retrieval,no_aggregate_keywords
1384,student_club,simple,retrieval,no_aggregate_keywords
1385,student_club,simple,retrieval,no_aggregate_keywords
1386,student_club,simple,aggregate,aggregate_function:SUM
1387,student_club,moderate,retrieval,no_aggregate_keywords
1388,student_club,moderate,aggregate,aggregate_function:SUM|group_by
1389,student_club,simple,retrieval,no_aggregate_keywords
1390,student_club,moderate,aggregate,aggregate_function:SUM
1391,student_club,simple,aggregate,aggregate_function:SUM
1392,student_club,simple,retrieval,no_aggregate_keywords
1393,student_club,simple,retrieval,no_aggregate_keywords
1394,student_club,simple,aggregate,aggregate_function:COUNT
1395,student_club,moderate,aggregate,aggregate_function:COUNT
1396,student_club,simple,aggregate,aggregate_function:COUNT
1397,student_club,simple,aggregate,aggregate_function:SUM
1398,student_club,moderate,retrieval,no_aggregate_keywords
1399,student_club,moderate,retrieval,no_aggregate_keywords
1400,student_club,moderate,aggregate,aggregate_function:SUM
1401,student_club,moderate,retrieval,no_aggregate_keywords
1402,student_club,simple,aggregate,aggregate_function:COUNT|group_by
1403,student_club,moderate,retrieval,no_aggregate_keywords
1404,student_club,moderate,aggregate,aggregate_function:SUM
1405,student_club,moderate,aggregate,aggregate_function:SUM|group_by
1406,student_club,simple,aggregate,aggregate_function:MAX
1407,student_club,simple,retrieval,no_aggregate_keywords
1408,student_club,simple,aggregate,aggregate_function:SUM
1409,student_club,simple,aggregate,aggregate_function:SUM
1410,student_club,simple,aggregate,aggregate_function:SUM
1411,student_club,simple,retrieval,no_aggregate_keywords
1412,student_club,simple,retrieval,no_aggregate_keywords
1413,student_club,simple,retrieval,no_aggregate_keywords
1414,student_club,simple,retrieval,no_aggregate_keywords
1415,student_club,simple,retrieval,no_aggregate_keywords
1416,student_club,simple,aggregate,aggregate_function:COUNT
1417,student_club,simple,retrieval,no_aggregate_keywords
1418,student_club,simple,retrieval,no_aggregate_keywords
1419,student_club,simple,retrieval,no_aggregate_keywords
1420,student_club,simple,retrieval,no_aggregate_keywords
1421,student_club,moderate,aggregate,aggregate_function:SUM
1422,student_club,simple,retrieval,no_aggregate_keywords
1423,student_club,simple,aggregate,aggregate_function:COUNT
1424,student_club,simple,aggregate,aggregate_function:COUNT
1425,student_club,simple,aggregate,aggregate_function:COUNT
1426,student_club,moderate,retrieval,no_aggregate_keywords
1427,student_club,moderate,retrieval,no_aggregate_keywords
1428,student_club,moderate,retrieval,no_aggregate_keywords
1429,student_club,challenging,retrieval,no_aggregate_keywords
1430,student_club,moderate,retrieval,no_aggregate_keywords
1431,student_club,moderate,retrieval,no_aggregate_keywords
1432,student_club,moderate,aggregate,aggregate_function:SUM
1433,student_club,simple,retrieval,no_aggregate_keywords
1434,student_club,simple,retrieval,no_aggregate_keywords
1435,student_club,moderate,retrieval,no_aggregate_keywords
1436,student_club,simple,retrieval,no_aggregate_keywords
1437,student_club,challenging,retrieval,no_aggregate_keywords
1438,student_club,simple,retrieval,no_aggregate_keywords
1439,student_club,moderate,retrieval,no_aggregate_keywords
1440,student_club,moderate,retrieval,no_aggregate_keywords
1441,student_club,moderate,aggregate,aggregate_function:COUNT
1442,student_club,simple,aggregate,aggregate_function:SUM
1443,student_club,simple,retrieval,no_aggregate_keywords
1444,student_club,simple,aggregate,aggregate_function:AVG|group_by|having
1445,student_club,simple,retrieval,no_aggregate_keywords
1446,student_club,simple,aggregate,aggregate_function:SUM
1447,student_club,simple,retrieval,no_aggregate_keywords
1448,student_club,challenging,retrieval,no_aggregate_keywords
1449,student_club,moderate,retrieval,no_aggregate_keywords
1450,student_club,simple,retrieval,no_aggregate_keywords
1451,student_club,challenging,aggregate,aggregate_function:COUNT|group_by|having
1452,student_club,moderate,aggregate,aggregate_function:AVG
1453,student_club,moderate,aggregate,aggregate_function:AVG
1454,student_club,moderate,aggregate,aggregate_function:SUM
1455,student_club,moderate,retrieval,no_aggregate_keywords
1456,student_club,moderate,retrieval,no_aggregate_keywords
1457,student_club,challenging,aggregate,aggregate_function:AVG
1458,student_club,moderate,aggregate,aggregate_function:SUM
1459,student_club,simple,retrieval,no_aggregate_keywords
1460,student_club,challenging,retrieval,no_aggregate_keywords
1461,student_club,simple,retrieval,no_aggregate_keywords
1462,student_club,simple,retrieval,no_aggregate_keywords
1463,student_club,simple,retrieval,no_aggregate_keywords
1464,student_club,challenging,retrieval,no_aggregate_keywords
1465,student_club,simple,retrieval,no_aggregate_keywords
1466,student_club,simple,retrieval,no_aggregate_keywords
1467,student_club,simple,aggregate,aggregate_function:SUM|group_by
1468,student_club,simple,retrieval,no_aggregate_keywords
1469,student_club,moderate,retrieval,no_aggregate_keywords
1470,debit_card_specializing,simple,aggregate,aggregate_function:COUNT
1471,debit_card_specializing,simple,aggregate,aggregate_function:SUM
1472,debit_card_specializing,moderate,aggregate,aggregate_function:SUM|group_by
1473,debit_card_specializing,moderate,aggregate,aggregate_function:AVG
1474,debit_card_specializing,moderate,aggregate,aggregate_function:SUM|group_by
1475,debit_card_specializing,moderate,aggregate,aggregate_function:COUNT|group_by|having
1476,debit_card_specializing,challenging,aggregate,aggregate_function:SUM
1477,debit_card_specializing,simple,aggregate,aggregate_function:SUM|group_by
1478,debit_card_specializing,simple,aggregate,aggregate_function:SUM|group_by
1479,debit_card_specializing,moderate,aggregate,aggregate_function:SUM|group_by
1480,debit_card_specializing,moderate,aggregate,aggregate_function:SUM|group_by
1481,debit_card_specializing,challenging,aggregate,aggregate_function:SUM
1482,debit_card_specializing,challenging,aggregate,aggregate_function:SUM
1483,debit_card_specializing,simple,aggregate,aggregate_function:SUM
1484,debit_card_specializing,simple,aggregate,aggregate_function:SUM
1485,debit_card_specializing,simple,aggregate,aggregate_function:SUM
1486,debit_card_specializing,simple,aggregate,aggregate_function:SUM
1487,debit_card_specializing,moderate,aggregate,aggregate_function:SUM|group_by
1488,debit_card_specializing,simple,aggregate,aggregate_function:SUM|group_by
1489,debit_card_specializing,simple,aggregate,aggregate_function:SUM
1490,debit_card_specializing,moderate,aggregate,aggregate_function:SUM
1491,debit_card_specializing,simple,aggregate,aggregate_function:COUNT|group_by
1492,debit_card_specializing,simple,aggregate,aggregate_function:SUM
1493,debit_card_specializing,simple,aggregate,aggregate_function:SUM
1494,debit_card_specializing,simple,aggregate,aggregate_function:SUM
1495,debit_card_specializing,simple,aggregate,aggregate_function:SUM|group_by
1496,debit_card_specializing,simple,aggregate,aggregate_function:SUM|group_by
1497,debit_card_specializing,simple,aggregate,aggregate_function:SUM|group_by
1498,debit_card_specializing,simple,aggregate,aggregate_function:SUM|group_by
1499,debit_card_specializing,simple,aggregate,aggregate_function:SUM|group_by
1500,debit_card_specializing,simple,retrieval,no_aggregate_keywords
1501,debit_card_specializing,moderate,retrieval,no_aggregate_keywords
1502,debit_card_specializing,simple,retrieval,no_aggregate_keywords
1503,debit_card_specializing,simple,retrieval,no_aggregate_keywords
1504,debit_card_specializing,simple,aggregate,aggregate_function:AVG
1505,debit_card_specializing,simple,aggregate,aggregate_function:COUNT
1506,debit_card_specializing,moderate,retrieval,no_aggregate_keywords
1507,debit_card_specializing,simple,retrieval,no_aggregate_keywords
1508,debit_card_specializing,simple,aggregate,aggregate_function:COUNT
1509,debit_card_specializing,moderate,aggregate,aggregate_function:COUNT
1510,debit_card_specializing,simple,aggregate,aggregate_function:AVG
1511,debit_card_specializing,simple,aggregate,aggregate_function:AVG
1512,debit_card_specializing,simple,aggregate,aggregate_function:SUM|group_by
1513,debit_card_specializing,simple,retrieval,no_aggregate_keywords
1514,debit_card_specializing,simple,retrieval,no_aggregate_keywords
1515,debit_card_specializing,simple,retrieval,no_aggregate_keywords
1516,debit_card_specializing,moderate,aggregate,aggregate_function:COUNT
1517,debit_card_specializing,simple,retrieval,no_aggregate_keywords
1518,debit_card_specializing,simple,retrieval,no_aggregate_keywords
1519,debit_card_specializing,simple,retrieval,no_aggregate_keywords
1520,debit_card_specializing,moderate,retrieval,no_aggregate_keywords
1521,debit_card_specializing,moderate,aggregate,aggregate_function:COUNT
1522,debit_card_specializing,simple,retrieval,no_aggregate_keywords
1523,debit_card_specializing,simple,retrieval,no_aggregate_keywords
1524,debit_card_specializing,simple,retrieval,no_aggregate_keywords
1525,debit_card_specializing,simple,aggregate,aggregate_function:SUM
1526,debit_card_specializing,challenging,aggregate,aggregate_function:SUM
1527,debit_card_specializing,simple,aggregate,aggregate_function:SUM|group_by
1528,debit_card_specializing,simple,aggregate,aggregate_function:SUM
1529,debit_card_specializing,moderate,aggregate,aggregate_function:SUM
1530,debit_card_specializing,simple,retrieval,no_aggregate_keywords
1531,debit_card_specializing,moderate,aggregate,aggregate_function:SUM|group_by
1532,debit_card_specializing,simple,retrieval,no_aggregate_keywords
1533,debit_card_specializing,moderate,retrieval,no_aggregate_keywords
